98f1b56f-4b73-3ec1-9490-68c3a0a49fb2,2019-04-06 11:03:44,Interview_answers,3001#0000#0,"{""answer_type"": ""LIST"", ""interview_id"": ""1"", ""interview_answer"": ""1"", ""interview_version"": ""1"", ""interview_category_id"": ""1""}",consolidate,2019-04-06 11:03:44.231137,consolidate,2019-04-06 11:03:44.231137
98f1b56f-4b73-3ec1-9490-68c3a0a49fb2,2019-04-06 11:03:58,Interview_answers,3001#0000#0,"{""answer_type"": ""LIST"", ""interview_id"": ""2"", ""interview_answer"": ""0"", ""interview_version"": ""1"", ""interview_category_id"": ""1""}",consolidate,2019-04-06 11:03:58.505407,consolidate,2019-04-06 11:03:58.505407
98f1b56f-4b73-3ec1-9490-68c3a0a49fb2,2019-04-06 11:04:04,Interview_answers,3001#0000#0,"{""answer_type"": ""LIST"", ""interview_id"": ""3"", ""interview_answer"": ""1"", ""interview_version"": ""1"", ""interview_category_id"": ""1""}",consolidate,2019-04-06 11:04:04.269286,consolidate,2019-04-06 11:04:04.269286
98f1b56f-4b73-3ec1-9490-68c3a0a49fb2,2019-04-06 11:04:09,Interview_answers,3001#0000#0,"{""answer_type"": ""LIST"", ""interview_id"": ""1"", ""interview_answer"": ""1"", ""interview_version"": ""1"", ""interview_category_id"": ""2""}",consolidate,2019-04-06 11:04:09.137287,consolidate,2019-04-06 11:04:09.137287
98f1b56f-4b73-3ec1-9490-68c3a0a49fb2,2019-04-06 11:04:15,Interview_answers,3001#0000#0,"{""answer_type"": ""FREE"", ""interview_id"": ""2"", ""interview_answer"": ""dont know"", ""interview_version"": ""1"", ""interview_category_id"": ""2""}",consolidate,2019-04-06 11:04:15.876642,consolidate,2019-04-06 11:04:15.876642
98f1b56f-4b73-3ec1-9490-68c3a0a49fb2,2019-04-06 11:04:20,Interview_answers,3001#0000#0,"{""answer_type"": ""FREE"", ""interview_id"": ""3"", ""interview_answer"": ""nothing"", ""interview_version"": ""1"", ""interview_category_id"": ""2""}",consolidate,2019-04-06 11:04:20.333286,consolidate,2019-04-06 11:04:20.333286
98f1b56f-4b73-3ec1-9490-68c3a0a49fb2,2019-04-06 11:04:25,Interview_answers,3001#0000#0,"{""answer_type"": ""LIST"", ""interview_id"": ""4"", ""interview_answer"": ""0"", ""interview_version"": ""1"", ""interview_category_id"": ""2""}",consolidate,2019-04-06 11:04:25.486217,consolidate,2019-04-06 11:04:25.486217
98f1b56f-4b73-3ec1-9490-68c3a0a49fb2,2019-04-06 11:04:33,Interview_answers,3001#0000#0,"{""answer_type"": ""LIST"", ""interview_id"": ""7"", ""interview_answer"": ""0"", ""interview_version"": ""1"", ""interview_category_id"": ""2""}",consolidate,2019-04-06 11:04:33.519969,consolidate,2019-04-06 11:04:33.519969
98f1b56f-4b73-3ec1-9490-68c3a0a49fb2,2019-04-06 11:04:36,Interview_answers,3001#0000#0,"{""answer_type"": ""LIST"", ""interview_id"": ""2"", ""interview_answer"": ""0"", ""interview_version"": ""1"", ""interview_category_id"": ""3""}",consolidate,2019-04-06 11:04:36.842217,consolidate,2019-04-06 11:04:36.842217
98f1b56f-4b73-3ec1-9490-68c3a0a49fb2,2019-04-06 11:04:40,Interview_answers,3001#0000#0,"{""answer_type"": ""LIST"", ""interview_id"": ""3"", ""interview_answer"": ""1"", ""interview_version"": ""1"", ""interview_category_id"": ""3""}",consolidate,2019-04-06 11:04:40.697452,consolidate,2019-04-06 11:04:40.697452
98f1b56f-4b73-3ec1-9490-68c3a0a49fb2,2019-04-06 11:04:44,Interview_answers,3001#0000#0,"{""answer_type"": ""LIST"", ""interview_id"": ""1"", ""interview_answer"": ""0"", ""interview_version"": ""1"", ""interview_category_id"": ""4""}",consolidate,2019-04-06 11:04:44.442472,consolidate,2019-04-06 11:04:44.442472
98f1b56f-4b73-3ec1-9490-68c3a0a49fb2,2019-04-06 11:04:48,Interview_answers,3001#0000#0,"{""answer_type"": ""LIST"", ""interview_id"": ""2"", ""interview_answer"": ""0"", ""interview_version"": ""1"", ""interview_category_id"": ""4""}",consolidate,2019-04-06 11:04:48.246345,consolidate,2019-04-06 11:04:48.246345
98f1b56f-4b73-3ec1-9490-68c3a0a49fb2,2019-04-06 11:04:55,Interview_answers,3001#0000#0,"{""answer_type"": ""LIST"", ""interview_id"": ""3"", ""interview_answer"": ""0"", ""interview_version"": ""1"", ""interview_category_id"": ""4""}",consolidate,2019-04-06 11:04:55.660924,consolidate,2019-04-06 11:04:55.660924
98f1b56f-4b73-3ec1-9490-68c3a0a49fb2,2019-04-06 11:04:59,Interview_answers,3001#0000#0,"{""answer_type"": ""LIST"", ""interview_id"": ""1"", ""interview_answer"": ""0"", ""interview_version"": ""1"", ""interview_category_id"": ""5""}",consolidate,2019-04-06 11:04:59.051183,consolidate,2019-04-06 11:04:59.051183
98f1b56f-4b73-3ec1-9490-68c3a0a49fb2,2019-04-06 11:05:02,Interview_answers,3001#0000#0,"{""answer_type"": ""LIST"", ""interview_id"": ""2"", ""interview_answer"": ""1"", ""interview_version"": ""1"", ""interview_category_id"": ""5""}",consolidate,2019-04-06 11:05:02.745615,consolidate,2019-04-06 11:05:02.745615
98f1b56f-4b73-3ec1-9490-68c3a0a49fb2,2019-04-06 11:05:06,Interview_answers,3001#0000#0,"{""answer_type"": ""LIST"", ""interview_id"": ""3"", ""interview_answer"": ""0"", ""interview_version"": ""1"", ""interview_category_id"": ""5""}",consolidate,2019-04-06 11:05:06.12887,consolidate,2019-04-06 11:05:06.12887
