1,1,1,"Do you have any allergy or any intolerance? (1: Yes, 2: No)",LIST,2018-12-26 11:00:00,2018-12-26 11:00:00
1,1,2,"Are you smoking? (1: Yes, 2: No)",LIST,2018-12-26 11:00:00,2018-12-26 11:00:00
1,1,3,"Do you have a depraved appetite? (1: Yes, 2: No)
",LIST,2018-12-26 11:00:00,2018-12-26 11:00:00
2,1,1,"Do you have certain symptom? (1: Yes, 2: No) 
",LIST,2018-12-26 11:00:00,2018-12-26 11:00:00
2,1,2,"Since when have you the symptoms?
",FREE,2018-12-26 11:00:00,2018-12-26 11:00:00
2,1,3,"What is the symptoms?
",FREE,2018-12-26 11:00:00,2018-12-26 11:00:00
2,1,4,"Have you been consulted from some doctors recently? (1: Yes, 2: No)
",LIST,2018-12-26 11:00:00,2018-12-26 11:00:00
2,1,5,"Have you hospitalized or taken a surgery operation ever? (1: Yes, 2:No)
",LIST,2018-12-26 11:00:00,2018-12-26 11:00:00
2,1,6,"What is the disease?
",FREE,2018-12-26 11:00:00,2018-12-26 11:00:00
2,1,7,"Do you take any medicine at present? (1: Yes, 2: No)
",LIST,2018-12-26 11:00:00,2018-12-26 11:00:00
3,1,1,"How many number of cigarrets, How much grams of  minced tobacco or how many time do you somke a day?
",FREE,2018-12-26 11:00:00,2018-12-26 11:00:00
3,1,2,"Have you often gotten phlegm in the back of your throat just after waking up in the morning? (1: Yes, 2:No)
",LIST,2018-12-26 11:00:00,2018-12-26 11:00:00
3,1,3,"Do you have a wheeze (gurgle-gurgle, hiss-hiss) often? (1: Yes, 2:No)
",LIST,2018-12-26 11:00:00,2018-12-26 11:00:00
4,1,1,"Have you sored in your sleep in the past 3 months? (1: Yes, 2: No)
",LIST,2018-12-26 11:00:00,2018-12-26 11:00:00
4,1,2,"Have your familit told you that your breathing may stop during your sleep in the past 3 months? (1: Yes, 2: No)
",LIST,2018-12-26 11:00:00,2018-12-26 11:00:00
4,1,3,"Did you feel sleepy strongly or getting asleep in the daytime or during the time you must be awake in the last 3 months? (1: Yes, 2: No)
",LIST,2018-12-26 11:00:00,2018-12-26 11:00:00
5,1,1,"Are you thirsty often? (1: Yes, 2: No)",LIST,2018-12-26 11:00:00,2018-12-26 11:00:00
5,1,2,"Have you ever been told that blood sugar is high? (1: Yes, 2; No)
",LIST,2018-12-26 11:00:00,2018-12-26 11:00:00
5,1,3,"Does your family have diabetes? (1: Yes, 2: No)
",LIST,2018-12-26 11:00:00,2018-12-26 11:00:00
