1001#4701#1360005000132,patient_id,??ID,N,personal,0100#0100#1,????,personal_informations,?????????ID,patient_id,??ID,patient_id,setup,2018-10-29 07:24:25.45889,setup,2018-10-29 07:24:25.45889
1001#4701#1360005000132,insurer,?????,N,personal,0100#0100#1,????,personal_informations,??????,insured_information,?????,insurer,setup,2018-10-29 07:24:25.523489,setup,2018-10-29 07:24:25.523489
1001#4701#1360005000132,insured_mark,????,N,personal,0100#0100#1,????,personal_informations,??????,insured_information,???????,insured_mark,setup,2018-10-29 07:24:25.533082,setup,2018-10-29 07:24:25.533082
1001#4701#1360005000132,insured_number,????,N,personal,0100#0100#1,????,personal_informations,??????,insured_information,???????,insured_number,setup,2018-10-29 07:24:25.544156,setup,2018-10-29 07:24:25.544156
1001#4701#1360005000132,katakana_full_name,????,N,personal,0100#0100#1,????,personal_informations,??????,katakana_full_name,??????,katakana_full_name,setup,2018-10-29 07:24:25.554775,setup,2018-10-29 07:24:25.554775
1001#4701#1360005000132,full_name,??(?),N,personal,0100#0100#1,????,personal_informations,??,full_name,??,full_name,setup,2018-10-29 07:24:25.566766,setup,2018-10-29 07:24:25.566766
1001#4701#1360005000132,birth_day,????,N,personal,0100#0100#1,????,personal_informations,????,birth_day,????,birth_day,setup,2018-10-29 07:24:25.577914,setup,2018-10-29 07:24:25.577914
1001#4701#1360005000132,sex,??,N,personal,0100#0100#1,????,personal_informations,??,sex,??,sex,setup,2018-10-29 07:24:25.590694,setup,2018-10-29 07:24:25.590694
1001#4701#1360005000132,postal_code,????,N,personal,0100#0100#1,????,personal_informations,????,postal_code,????,postal_code,setup,2018-10-29 07:24:25.599024,setup,2018-10-29 07:24:25.599024
1001#4701#1360005000132,address,??,N,personal,0100#0100#1,????,personal_informations,??,address,??,address,setup,2018-10-29 07:24:25.607295,setup,2018-10-29 07:24:25.607295
1001#4701#1360005000132,target,????,N,personal,0100#0100#1,????,personal_informations,????,consent_info,??,target,setup,2018-10-29 07:24:25.633403,setup,2018-10-29 07:24:25.633403
1001#4701#1360005000132,status,????,N,personal,0100#0100#1,????,personal_informations,????,consent_info,??,status,setup,2018-10-29 07:24:25.645095,setup,2018-10-29 07:24:25.645095
1001#4701#1360005000132,height,??,N,health,0200#0100#1,????,physical_informations,????,standard_info,??,height,setup,2018-10-29 07:24:25.655006,setup,2018-10-29 07:24:25.655006
1001#4701#1360005000132,weight,??,N,health,0200#0100#1,????,physical_informations,????,standard_info,??,weight,setup,2018-10-29 07:24:25.664689,setup,2018-10-29 07:24:25.664689
1001#4701#1360005000132,bmi,BMI,N,health,0200#0100#1,????,physical_informations,BMI,bmi,BMI,bmi,setup,2018-10-29 07:24:25.677055,setup,2018-10-29 07:24:25.677055
1001#4701#1360005000132,waist_circumference,??(??),N,health,0200#0100#1,????,physical_informations,??,waist_circumference,??,waist_circumference,setup,2018-10-29 07:24:25.684758,setup,2018-10-29 07:24:25.684758
1001#4701#1360005000132,sitting_height,??,N,health,0200#0100#1,????,physical_informations,??,sitting_height,??,sitting_height,setup,2018-10-29 07:24:25.699056,setup,2018-10-29 07:24:25.699056
1001#4701#1360005000132,chest_circumference,??,N,health,0200#0100#1,????,physical_informations,??,chest_circumference,??,chest_circumference,setup,2018-10-29 07:24:25.711281,setup,2018-10-29 07:24:25.711281
1001#4701#1360005000132,visceral_fat,?????,N,health,0200#0100#1,????,physical_informations,??????,visceral_fat,??????,visceral_fat,setup,2018-10-29 07:24:25.722721,setup,2018-10-29 07:24:25.722721
1001#4701#1360005000132,obesity,???,N,health,0200#0100#1,????,physical_informations,???,obesity,???,obesity,setup,2018-10-29 07:24:25.732326,setup,2018-10-29 07:24:25.732326
1001#4701#1360005000132,past_history,??? ???,N,health,0200#0100#1,??????,medical_checkup_interviews,???,past_history,???,past_history,setup,2018-10-29 07:24:25.744684,setup,2018-10-29 07:24:25.744684
1001#4701#1360005000132,subjective_findings,?????? ???,N,health,0200#0200#1,????,inspection_results,??????,subjective_findings,????,subjective_findings,setup,2018-10-29 07:24:25.756331,setup,2018-10-29 07:24:25.756331
1001#4701#1360005000132,objective_findings,?????? ?????,N,health,0200#0200#1,????,inspection_results,??????,objective_findings,????,objective_findings,setup,2018-10-29 07:24:25.7652,setup,2018-10-29 07:24:25.7652
1001#4701#1360005000132,medical_examination_findings,????,N,health,0200#0200#1,??,findings,????,medical_examination_findings,????,medical_examination_findings,setup,2018-10-29 07:24:25.777332,setup,2018-10-29 07:24:25.777332
1001#4701#1360005000132,repeated_saliva_swallowing,?????????,N,health,0200#0200#1,????,inspection_results,?????????,repeated_saliva_swallowing,?????????,repeated_saliva_swallowing,setup,2018-10-29 07:24:25.787277,setup,2018-10-29 07:24:25.787277
1001#4701#1360005000132,systolic,?????(1??),N,health,0200#0200#1,????,inspection_results,??,blood_pressure,?????,systolic,setup,2018-10-29 07:24:25.799258,setup,2018-10-29 07:24:25.799258
1001#4701#1360005000132,diastolic,?????(1??),N,health,0200#0200#1,????,inspection_results,??,blood_pressure,?????,diastolic,setup,2018-10-29 07:24:25.810902,setup,2018-10-29 07:24:25.810902
1001#4701#1360005000132,pulse_wave_increasing_coefficient,??????,N,health,0200#0200#1,????,inspection_results,??????,pulse_wave_increasing_coefficient,??????,pulse_wave_increasing_coefficient,setup,2018-10-29 07:24:25.822152,setup,2018-10-29 07:24:25.822152
1001#4701#1360005000132,pluse,??,N,health,0200#0200#1,????,inspection_results,??,pluse,??,pluse,setup,2018-10-29 07:24:25.830641,setup,2018-10-29 07:24:25.830641
1001#4701#1360005000132,blood_sampling_time,????(??),N,health,0200#0200#1,????,inspection_results,????,blood_sampling_time,????(??),blood_sampling_time,setup,2018-10-29 07:24:25.845404,setup,2018-10-29 07:24:25.845404
1001#4701#1360005000132,triglyceride,????(???????),N,health,0200#0200#1,????,inspection_results,????(???????),triglyceride,????(???????),triglyceride,setup,2018-10-29 07:24:25.857145,setup,2018-10-29 07:24:25.857145
1001#4701#1360005000132,atherosclerotic_index,??????,N,health,0200#0200#1,????,inspection_results,??????,atherosclerotic_index,??????,atherosclerotic_index,setup,2018-10-29 07:24:25.864965,setup,2018-10-29 07:24:25.864965
1001#4701#1360005000132,hdl,HDL???????,N,health,0200#0200#1,????,inspection_results,???????,cholesterol,HDL???????,hdl,setup,2018-10-29 07:24:25.874828,setup,2018-10-29 07:24:25.874828
1001#4701#1360005000132,ldl,LDL???????,N,health,0200#0200#1,????,inspection_results,???????,cholesterol,LDL???????,ldl,setup,2018-10-29 07:24:25.888697,setup,2018-10-29 07:24:25.888697
1001#4701#1360005000132,total_cholesterol,????????,N,health,0200#0200#1,????,inspection_results,???????,cholesterol,????????,total_cholesterol,setup,2018-10-29 07:24:25.899031,setup,2018-10-29 07:24:25.899031
1001#4701#1360005000132,rate_l_h,L/H?,N,health,0200#0200#1,????,inspection_results,???????,cholesterol,L/H?,rate_l_h,setup,2018-10-29 07:24:25.911996,setup,2018-10-29 07:24:25.911996
1001#4701#1360005000132,total_bilirubin,??????,N,health,0200#0200#1,????,inspection_results,?????,bilirubin,??????,total_bilirubin,setup,2018-10-29 07:24:25.921051,setup,2018-10-29 07:24:25.921051
1001#4701#1360005000132,direct,???????,N,health,0200#0200#1,????,inspection_results,?????,bilirubin,???????,direct,setup,2018-10-29 07:24:25.931373,setup,2018-10-29 07:24:25.931373
1001#4701#1360005000132,che,CHE,N,health,0200#0200#1,????,inspection_results,CHE,che,CHE,che,setup,2018-10-29 07:24:25.943692,setup,2018-10-29 07:24:25.943692
1001#4701#1360005000132,lap,LAP,N,health,0200#0200#1,????,inspection_results,LAP,lap,LAP,lap,setup,2018-10-29 07:24:25.954852,setup,2018-10-29 07:24:25.954852
1001#4701#1360005000132,ttt,TTT,N,health,0200#0200#1,????,inspection_results,TTT,ttt,TTT,ttt,setup,2018-10-29 07:24:25.964992,setup,2018-10-29 07:24:25.964992
1001#4701#1360005000132,ztt,ZTT,N,health,0200#0200#1,????,inspection_results,ZTT,ztt,ZTT,ztt,setup,2018-10-29 07:24:25.980354,setup,2018-10-29 07:24:25.980354
1001#4701#1360005000132,asl,GOT(AST),N,health,0200#0200#1,????,inspection_results,ASL(GOT),asl,ASL(GOT),asl,setup,2018-10-29 07:24:25.989884,setup,2018-10-29 07:24:25.989884
1001#4701#1360005000132,alt,GPT(ALT),N,health,0200#0200#1,????,inspection_results,ALT(GPT),alt,ALT(GPT),alt,setup,2018-10-29 07:24:26.008589,setup,2018-10-29 07:24:26.008589
1001#4701#1360005000132,?gtp,?-GT(?-GTP),N,health,0200#0200#1,????,inspection_results,?GTP,?gtp,?GTP,?gtp,setup,2018-10-29 07:24:26.01961,setup,2018-10-29 07:24:26.01961
1001#4701#1360005000132,alp,ALP,N,health,0200#0200#1,????,inspection_results,ALP,alp,ALP,alp,setup,2018-10-29 07:24:26.030545,setup,2018-10-29 07:24:26.030545
1001#4701#1360005000132,ldh,LDH,N,health,0200#0200#1,????,inspection_results,LDH,ldh,LDH,ldh,setup,2018-10-29 07:24:26.038448,setup,2018-10-29 07:24:26.038448
1001#4701#1360005000132,serum_amylase,???????,N,health,0200#0200#1,????,inspection_results,???????,serum_amylase,???????,serum_amylase,setup,2018-10-29 07:24:26.052934,setup,2018-10-29 07:24:26.052934
1001#4701#1360005000132,cpk,CPK,N,health,0200#0200#1,????,inspection_results,CPK,cpk,CPK,cpk,setup,2018-10-29 07:24:26.063587,setup,2018-10-29 07:24:26.063587
1001#4701#1360005000132,serum_creatinine,????????,N,health,0200#0200#1,????,inspection_results,????????,serum_creatinine,????????,serum_creatinine,setup,2018-10-29 07:24:26.074894,setup,2018-10-29 07:24:26.074894
1001#4701#1360005000132,egfr,eGFR,N,health,0200#0200#1,????,inspection_results,eGFR,egfr,eGFR,egfr,setup,2018-10-29 07:24:26.085834,setup,2018-10-29 07:24:26.085834
1001#4701#1360005000132,serum_uric_acid,????,N,health,0200#0200#1,????,inspection_results,????,serum_uric_acid,????,serum_uric_acid,setup,2018-10-29 07:24:26.098129,setup,2018-10-29 07:24:26.098129
1001#4701#1360005000132,serum_iron,???,N,health,0200#0200#1,????,inspection_results,???,serum_iron,???,serum_iron,setup,2018-10-29 07:24:26.106969,setup,2018-10-29 07:24:26.106969
1001#4701#1360005000132,tibc,TIBC,N,health,0200#0200#1,????,inspection_results,TIBC,tibc,TIBC,tibc,setup,2018-10-29 07:24:26.130644,setup,2018-10-29 07:24:26.130644
1001#4701#1360005000132,uibc,UIBC,N,health,0200#0200#1,????,inspection_results,UIBC,uibc,UIBC,uibc,setup,2018-10-29 07:24:26.146064,setup,2018-10-29 07:24:26.146064
1001#4701#1360005000132,bun,BUN,N,health,0200#0200#1,????,inspection_results,BUN,bun,BUN,bun,setup,2018-10-29 07:24:26.153966,setup,2018-10-29 07:24:26.153966
1001#4701#1360005000132,mg,Mg,N,health,0200#0200#1,????,inspection_results,Mg,mg,Mg,mg,setup,2018-10-29 07:24:26.162307,setup,2018-10-29 07:24:26.162307
1001#4701#1360005000132,na,Na,N,health,0200#0200#1,????,inspection_results,Na,na,Na,na,setup,2018-10-29 07:24:26.184429,setup,2018-10-29 07:24:26.184429
1001#4701#1360005000132,k,K,N,health,0200#0200#1,????,inspection_results,K,k,K,k,setup,2018-10-29 07:24:26.195536,setup,2018-10-29 07:24:26.195536
1001#4701#1360005000132,cl,Cl,N,health,0200#0200#1,????,inspection_results,Cl,cl,Cl,cl,setup,2018-10-29 07:24:26.206873,setup,2018-10-29 07:24:26.206873
1001#4701#1360005000132,ca,Ca,N,health,0200#0200#1,????,inspection_results,Ca,ca,Ca,ca,setup,2018-10-29 07:24:26.219241,setup,2018-10-29 07:24:26.219241
1001#4701#1360005000132,p,P,N,health,0200#0200#1,????,inspection_results,P,p,P,p,setup,2018-10-29 07:24:26.227422,setup,2018-10-29 07:24:26.227422
1001#4701#1360005000132,total_protein,???,N,health,0200#0200#1,????,inspection_results,???,total_protein,???,total_protein,setup,2018-10-29 07:24:26.24117,setup,2018-10-29 07:24:26.24117
1001#4701#1360005000132,albumin,?????,N,health,0200#0200#1,????,inspection_results,?????,albumin,?????,albumin,setup,2018-10-29 07:24:26.2525,setup,2018-10-29 07:24:26.2525
1001#4701#1360005000132,a_g,A/G,N,health,0200#0200#1,????,inspection_results,A/G,a_g,A/G,a_g,setup,2018-10-29 07:24:26.261545,setup,2018-10-29 07:24:26.261545
1001#4701#1360005000132,crp,CRP,N,health,0200#0200#1,????,inspection_results,CRP,crp,CRP,crp,setup,2018-10-29 07:24:26.273376,setup,2018-10-29 07:24:26.273376
1001#4701#1360005000132,ra,RA,N,health,0200#0200#1,????,inspection_results,RA,ra,RA,ra,setup,2018-10-29 07:24:26.283781,setup,2018-10-29 07:24:26.283781
1001#4701#1360005000132,rpr,RPR,N,health,0200#0200#1,????,inspection_results,RPR,rpr,RPR,rpr,setup,2018-10-29 07:24:26.295478,setup,2018-10-29 07:24:26.295478
1001#4701#1360005000132,tpha,TPHA,N,health,0200#0200#1,????,inspection_results,TPHA,tpha,TPHA,tpha,setup,2018-10-29 07:24:26.307957,setup,2018-10-29 07:24:26.307957
1001#4701#1360005000132,tsh,TSH,N,health,0200#0200#1,????,inspection_results,TSH,tsh,TSH,tsh,setup,2018-10-29 07:24:26.317601,setup,2018-10-29 07:24:26.317601
1001#4701#1360005000132,ft3,FT3,N,health,0200#0200#1,????,inspection_results,FT3,ft3,FT3,ft3,setup,2018-10-29 07:24:26.330107,setup,2018-10-29 07:24:26.330107
1001#4701#1360005000132,ft4,FT4,N,health,0200#0200#1,????,inspection_results,FT4,ft4,FT4,ft4,setup,2018-10-29 07:24:26.339697,setup,2018-10-29 07:24:26.339697
1001#4701#1360005000132,psa,PSA(???????),N,health,0200#0200#1,????,inspection_results,PSA(???????),psa,PSA(???????),psa,setup,2018-10-29 07:24:26.350398,setup,2018-10-29 07:24:26.350398
1001#4701#1360005000132,bnp,BNP,N,health,0200#0200#1,????,inspection_results,BNP,bnp,BNP,bnp,setup,2018-10-29 07:24:26.362007,setup,2018-10-29 07:24:26.362007
1001#4701#1360005000132,hbs_antigen,HBs??,N,health,0200#0200#1,????,inspection_results,HBs??,hbs_antigen,HBs??,hbs_antigen,setup,2018-10-29 07:24:26.373632,setup,2018-10-29 07:24:26.373632
1001#4701#1360005000132,hbs_antibody,HBs??,N,health,0200#0200#1,????,inspection_results,HBs??,hbs_antibody,HBs??,hbs_antibody,setup,2018-10-29 07:24:26.384143,setup,2018-10-29 07:24:26.384143
1001#4701#1360005000132,hcv_antibody,HCV??,N,health,0200#0200#1,????,inspection_results,HCV??,hcv_antibody,HCV??,hcv_antibody,setup,2018-10-29 07:24:26.397234,setup,2018-10-29 07:24:26.397234
1001#4701#1360005000132,hcv_nucleic_acid_amplification_test,HCV??????,N,health,0200#0200#1,????,inspection_results,HCV??????,hcv_nucleic_acid_amplification_test,HCV??????,hcv_nucleic_acid_amplification_test,setup,2018-10-29 07:24:26.408132,setup,2018-10-29 07:24:26.408132
1001#4701#1360005000132,lipase,????,N,health,0200#0200#1,????,inspection_results,????,lipase,????,lipase,setup,2018-10-29 07:24:26.415545,setup,2018-10-29 07:24:26.415545
1001#4701#1360005000132,blood_glucose_any_time,????,N,health,0200#0200#1,????,inspection_results,??,blood_glucose,????,blood_glucose_any_time,setup,2018-10-29 07:24:26.431047,setup,2018-10-29 07:24:26.431047
1001#4701#1360005000132,blood_glucose_load_before,??????,N,health,0200#0200#1,????,inspection_results,??,blood_glucose,????-?,blood_glucose_load_before,setup,2018-10-29 07:24:26.446079,setup,2018-10-29 07:24:26.446079
1001#4701#1360005000132,blood_glucose_load_30,?????30,N,health,0200#0200#1,????,inspection_results,??,blood_glucose,????-30,blood_glucose_load_30,setup,2018-10-29 07:24:26.456158,setup,2018-10-29 07:24:26.456158
1001#4701#1360005000132,blood_glucose_load_60,?????60,N,health,0200#0200#1,????,inspection_results,??,blood_glucose,????-60,blood_glucose_load_60,setup,2018-10-29 07:24:26.474251,setup,2018-10-29 07:24:26.474251
1001#4701#1360005000132,blood_glucose_load_120,?????120,N,health,0200#0200#1,????,inspection_results,??,blood_glucose,????-120,blood_glucose_load_120,setup,2018-10-29 07:24:26.485935,setup,2018-10-29 07:24:26.485935
1001#4701#1360005000132,insulin,?????,N,health,0200#0200#1,????,inspection_results,?????,insulin,?????,insulin,setup,2018-10-29 07:24:26.495997,setup,2018-10-29 07:24:26.495997
1001#4701#1360005000132,insulin_load_before,?????????,N,health,0200#0200#1,????,inspection_results,?????,insulin,???????-?,insulin_load_before,setup,2018-10-29 07:24:26.507282,setup,2018-10-29 07:24:26.507282
1001#4701#1360005000132,insulin_load_30,????????30,N,health,0200#0200#1,????,inspection_results,?????,insulin,???????-30,insulin_load_30,setup,2018-10-29 07:24:26.517748,setup,2018-10-29 07:24:26.517748
1001#4701#1360005000132,insulin_load_60,????????60,N,health,0200#0200#1,????,inspection_results,?????,insulin,???????-60,insulin_load_60,setup,2018-10-29 07:24:26.530445,setup,2018-10-29 07:24:26.530445
1001#4701#1360005000132,insulin_load_120,????????120,N,health,0200#0200#1,????,inspection_results,?????,insulin,???????-120,insulin_load_120,setup,2018-10-29 07:24:26.540841,setup,2018-10-29 07:24:26.540841
1001#4701#1360005000132,jds,HbA1c(JDS),N,health,0200#0200#1,????,inspection_results,HbA2c,hba2c,JDS,jds,setup,2018-10-29 07:24:26.552085,setup,2018-10-29 07:24:26.552085
1001#4701#1360005000132,ngsp,HbA1c(NGSP),N,health,0200#0200#1,????,inspection_results,HbA1c,hba1c,NGSP,ngsp,setup,2018-10-29 07:24:26.562952,setup,2018-10-29 07:24:26.562952
1001#4701#1360005000132,homa_r,HOMA-R,N,health,0200#0200#1,????,inspection_results,HOMA-R,homa_r,HOMA-R,homa_r,setup,2018-10-29 07:24:26.57394,setup,2018-10-29 07:24:26.57394
1001#4701#1360005000132,ca19_9,CA19-9,N,health,0200#0200#1,????,inspection_results,CA19-9,ca19_9,CA19-9,ca19_9,setup,2018-10-29 07:24:26.581474,setup,2018-10-29 07:24:26.581474
1001#4701#1360005000132,ca125,CA125,N,health,0200#0200#1,????,inspection_results,CA125,ca125,CA125,ca125,setup,2018-10-29 07:24:26.598005,setup,2018-10-29 07:24:26.598005
1001#4701#1360005000132,scc,SCC,N,health,0200#0200#1,????,inspection_results,SCC,scc,SCC,scc,setup,2018-10-29 07:24:26.607873,setup,2018-10-29 07:24:26.607873
1001#4701#1360005000132,pivka_2,PIVKA?,N,health,0200#0200#1,????,inspection_results,PIVKA?,pivka_2,PIVKA?,pivka_2,setup,2018-10-29 07:24:26.61962,setup,2018-10-29 07:24:26.61962
1001#4701#1360005000132,t_acp,T-ACP,N,health,0200#0200#1,????,inspection_results,T-ACP,t_acp,T-ACP,t_acp,setup,2018-10-29 07:24:26.629562,setup,2018-10-29 07:24:26.629562
1001#4701#1360005000132,prostate_acp,???ACP,N,health,0200#0200#1,????,inspection_results,???ACP,prostate_acp,???ACP,prostate_acp,setup,2018-10-29 07:24:26.640912,setup,2018-10-29 07:24:26.640912
1001#4701#1360005000132,rubella_eia,??(EIA),N,health,0200#0200#1,????,inspection_results,??,rubella,??(EIA),rubella_eia,setup,2018-10-29 07:24:26.651865,setup,2018-10-29 07:24:26.651865
1001#4701#1360005000132,rubella_hi,??(HI),N,health,0200#0200#1,????,inspection_results,??,rubella,??(HI),rubella_hi,setup,2018-10-29 07:24:26.66379,setup,2018-10-29 07:24:26.66379
1001#4701#1360005000132,varieg_eia,??(EIA),N,health,0200#0200#1,????,inspection_results,??,varieg,??(EIA),varieg_eia,setup,2018-10-29 07:24:26.674555,setup,2018-10-29 07:24:26.674555
1001#4701#1360005000132,varieg_iaha,??(IAHA),N,health,0200#0200#1,????,inspection_results,??,varieg,??(IAHA),varieg_iaha,setup,2018-10-29 07:24:26.68479,setup,2018-10-29 07:24:26.68479
1001#4701#1360005000132,mumps_eia,????(EIA),N,health,0200#0200#1,????,inspection_results,????,mumps,????(EIA),mumps_eia,setup,2018-10-29 07:24:26.695564,setup,2018-10-29 07:24:26.695564
1001#4701#1360005000132,mumps_iaha,????(IAHA),N,health,0200#0200#1,????,inspection_results,????,mumps,????(IAHA),mumps_iaha,setup,2018-10-29 07:24:26.706694,setup,2018-10-29 07:24:26.706694
1001#4701#1360005000132,measles_eia,??(EIA),N,health,0200#0200#1,????,inspection_results,??,measles,??(EIA),measles_eia,setup,2018-10-29 07:24:26.717677,setup,2018-10-29 07:24:26.717677
1001#4701#1360005000132,measles_hi,??(HI),N,health,0200#0200#1,????,inspection_results,??,measles,??(HI),measles_hi,setup,2018-10-29 07:24:26.73001,setup,2018-10-29 07:24:26.73001
1001#4701#1360005000132,measles_pa,??(PA),N,health,0200#0200#1,????,inspection_results,??,measles,??(PA),measles_pa,setup,2018-10-29 07:24:26.738762,setup,2018-10-29 07:24:26.738762
1001#4701#1360005000132,hiv_elisa,HIV??ú??(ELISA),N,health,0200#0200#1,????,inspection_results,HIV??ú??(ELISA),hiv_elisa,HIV??ú??(ELISA),hiv_elisa,setup,2018-10-29 07:24:26.748077,setup,2018-10-29 07:24:26.748077
1001#4701#1360005000132,hbe_antigen_clea,HBe??(CLEA),N,health,0200#0200#1,????,inspection_results,Hbe??(CLEA),hbe_antigen_clea,Hbe??(CLEA),hbe_antigen_clea,setup,2018-10-29 07:24:26.773855,setup,2018-10-29 07:24:26.773855
1001#4701#1360005000132,hbe_antibody_clea,HBe??(CLEA),N,health,0200#0200#1,????,inspection_results,Hbe??(CLEA),hbe_antibody_clea,Hbe??(CLEA),hbe_antibody_clea,setup,2018-10-29 07:24:26.783065,setup,2018-10-29 07:24:26.783065
1001#4701#1360005000132,ha_antibody_eia,HA??(EIA),N,health,0200#0200#1,????,inspection_results,HA??(EIA),ha_antibody_eia,HA??(EIA),ha_antibody_eia,setup,2018-10-29 07:24:26.79612,setup,2018-10-29 07:24:26.79612
1001#4701#1360005000132,pylori_antibody,?????,N,health,0200#0200#1,????,inspection_results,?????,pylori_antibody,?????,pylori_antibody,setup,2018-10-29 07:24:26.807159,setup,2018-10-29 07:24:26.807159
1001#4701#1360005000132,antinuclear_antibody_fa,????(FA),N,health,0200#0200#1,????,inspection_results,????(FA),antinuclear_antibody_fa,????(FA),antinuclear_antibody_fa,setup,2018-10-29 07:24:26.817441,setup,2018-10-29 07:24:26.817441
1001#4701#1360005000132,ferritin,?????,N,health,0200#0200#1,????,inspection_results,?????,ferritin,?????,ferritin,setup,2018-10-29 07:24:26.82974,setup,2018-10-29 07:24:26.82974
1001#4701#1360005000132,aso,ASO,N,health,0200#0200#1,????,inspection_results,ASO,aso,ASO,aso,setup,2018-10-29 07:24:26.839904,setup,2018-10-29 07:24:26.839904
1001#4701#1360005000132,high_sensitivity_crp,???CRP,N,health,0200#0200#1,????,inspection_results,???CRP,high_sensitivity_crp,???CRP,high_sensitivity_crp,setup,2018-10-29 07:24:26.850988,setup,2018-10-29 07:24:26.850988
1001#4701#1360005000132,pepsinogen,??????,N,health,0200#0200#1,????,inspection_results,??????,pepsinogen,??????,pepsinogen,setup,2018-10-29 07:24:26.861791,setup,2018-10-29 07:24:26.861791
1001#4701#1360005000132,pepsinogen_1,??????1,N,health,0200#0200#1,????,inspection_results,??????,pepsinogen,??????1,pepsinogen_1,setup,2018-10-29 07:24:26.873137,setup,2018-10-29 07:24:26.873137
1001#4701#1360005000132,pepsinogen_2,??????2,N,health,0200#0200#1,????,inspection_results,??????,pepsinogen,??????2,pepsinogen_2,setup,2018-10-29 07:24:26.883794,setup,2018-10-29 07:24:26.883794
1001#4701#1360005000132,rate_1_2,??????1/2?,N,health,0200#0200#1,????,inspection_results,??????,pepsinogen,??????1/2?,rate_1_2,setup,2018-10-29 07:24:26.895644,setup,2018-10-29 07:24:26.895644
1001#4701#1360005000132,beta_lipo_protein,á????,N,health,0200#0200#1,????,inspection_results,á????,beta_lipo_protein,á????,beta_lipo_protein,setup,2018-10-29 07:24:26.905981,setup,2018-10-29 07:24:26.905981
1001#4701#1360005000132,remnant,?????,N,health,0200#0200#1,????,inspection_results,?????,remnant,?????,remnant,setup,2018-10-29 07:24:26.916533,setup,2018-10-29 07:24:26.916533
1001#4701#1360005000132,intrinsic_factor_reml_c,???RemL-c,N,health,0200#0200#1,????,inspection_results,???RemL-c,intrinsic_factor_reml_c,???RemL-c,intrinsic_factor_reml_c,setup,2018-10-29 07:24:26.93005,setup,2018-10-29 07:24:26.93005
1001#4701#1360005000132,external_factor_reml_c,???RemL-c,N,health,0200#0200#1,????,inspection_results,???RemL-c,external_factor_reml_c,???RemL-c,external_factor_reml_c,setup,2018-10-29 07:24:26.939687,setup,2018-10-29 07:24:26.939687
1001#4701#1360005000132,2_5_hexanedione,??2.5????????,N,health,0200#0200#1,????,inspection_results,??2.5???????,2_5_hexanedione,??2.5???????,2_5_hexanedione,setup,2018-10-29 07:24:26.947988,setup,2018-10-29 07:24:26.947988
1001#4701#1360005000132,hippuric_acid,?????,N,health,0200#0200#1,????,inspection_results,?????,hippuric_acid,?????,hippuric_acid,setup,2018-10-29 07:24:26.962057,setup,2018-10-29 07:24:26.962057
1001#4701#1360005000132,methyl_hippuric_acid,????????,N,health,0200#0200#1,????,inspection_results,????????,methyl_hippuric_acid,????????,methyl_hippuric_acid,setup,2018-10-29 07:24:26.972971,setup,2018-10-29 07:24:26.972971
1001#4701#1360005000132,delta_aminolevulinic_acid,??ë?????????,N,health,0200#0200#1,????,inspection_results,??ë????????,delta_aminolevulinic_acid,??ë????????,delta_aminolevulinic_acid,setup,2018-10-29 07:24:26.984008,setup,2018-10-29 07:24:26.984008
1001#4701#1360005000132,hydrogen_cyanide,??????,N,health,0200#0200#1,????,inspection_results,??????,hydrogen_cyanide,??????,hydrogen_cyanide,setup,2018-10-29 07:24:26.995259,setup,2018-10-29 07:24:26.995259
1001#4701#1360005000132,methyl_bromide,?????,N,health,0200#0200#1,????,inspection_results,?????,methyl_bromide,?????,methyl_bromide,setup,2018-10-29 07:24:27.005736,setup,2018-10-29 07:24:27.005736
1001#4701#1360005000132,lead,?,N,health,0200#0200#1,????,inspection_results,?,lead,?,lead,setup,2018-10-29 07:24:27.015715,setup,2018-10-29 07:24:27.015715
1001#4701#1360005000132,alpha_fetoprotein_quantitative,à??????,N,health,0200#0200#1,????,inspection_results,à-?????,alpha_fetoprotein_quantitative,à-?????,alpha_fetoprotein_quantitative,setup,2018-10-29 07:24:27.028544,setup,2018-10-29 07:24:27.028544
1001#4701#1360005000132,cea,CEA(???),N,health,0200#0200#1,????,inspection_results,CEA(???),cea,CEA(???),cea,setup,2018-10-29 07:24:27.039713,setup,2018-10-29 07:24:27.039713
1001#4701#1360005000132,ige,IgE,N,health,0200#0200#1,????,inspection_results,IgE,ige,IgE,ige,setup,2018-10-29 07:24:27.049308,setup,2018-10-29 07:24:27.049308
1001#4701#1360005000132,norovirus,??????,N,health,0200#0200#1,????,inspection_results,??????,norovirus,??????,norovirus,setup,2018-10-29 07:24:27.060629,setup,2018-10-29 07:24:27.060629
1001#4701#1360005000132,microalbumin,?????????,N,health,0200#0200#1,????,inspection_results,???,urinalysis,?????????,microalbumin,setup,2018-10-29 07:24:27.071529,setup,2018-10-29 07:24:27.071529
1001#4701#1360005000132,urinary_sugar,??,N,health,0200#0200#1,????,inspection_results,???,urinalysis,??,urinary_sugar,setup,2018-10-29 07:24:27.082558,setup,2018-10-29 07:24:27.082558
1001#4701#1360005000132,urinary_protein,???,N,health,0200#0200#1,????,inspection_results,???,urinalysis,???,urinary_protein,setup,2018-10-29 07:24:27.094204,setup,2018-10-29 07:24:27.094204
1001#4701#1360005000132,uric_blood,???,N,health,0200#0200#1,????,inspection_results,???,urinalysis,???,uric_blood,setup,2018-10-29 07:24:27.104497,setup,2018-10-29 07:24:27.104497
1001#4701#1360005000132,urine_flow_rate,???,N,health,0200#0200#1,????,inspection_results,???,urinalysis,???,urine_flow_rate,setup,2018-10-29 07:24:27.111794,setup,2018-10-29 07:24:27.111794
1001#4701#1360005000132,red_blood_cells,???,N,health,0200#0200#1,????,inspection_results,???,red_blood_cells,???,red_blood_cells,setup,2018-10-29 07:24:27.118974,setup,2018-10-29 07:24:27.118974
1001#4701#1360005000132,white_blood_cells,???,N,health,0200#0200#1,????,inspection_results,???,white_blood_cells,???,white_blood_cells,setup,2018-10-29 07:24:27.130062,setup,2018-10-29 07:24:27.130062
1001#4701#1360005000132,squamous_epithelium,????,N,health,0200#0200#1,????,inspection_results,????,squamous_epithelium,????,squamous_epithelium,setup,2018-10-29 07:24:27.138497,setup,2018-10-29 07:24:27.138497
1001#4701#1360005000132,hyaline_cast,?????,N,health,0200#0200#1,????,inspection_results,?????,hyaline_cast,?????,hyaline_cast,setup,2018-10-29 07:24:27.14803,setup,2018-10-29 07:24:27.14803
1001#4701#1360005000132,transitional_epithelium,????,N,health,0200#0200#1,????,inspection_results,????,transitional_epithelium,????,transitional_epithelium,setup,2018-10-29 07:24:27.160957,setup,2018-10-29 07:24:27.160957
1001#4701#1360005000132,oxalate_ca,????Ca,N,health,0200#0200#1,????,inspection_results,????Ca,oxalate_ca,????Ca,oxalate_ca,setup,2018-10-29 07:24:27.16975,setup,2018-10-29 07:24:27.16975
1001#4701#1360005000132,mucous_thread,???,N,health,0200#0200#1,????,inspection_results,???,mucous_thread,???,mucous_thread,setup,2018-10-29 07:24:27.180849,setup,2018-10-29 07:24:27.180849
1001#4701#1360005000132,bacterium,??,N,health,0200#0200#1,????,inspection_results,??,bacterium,??,bacterium,setup,2018-10-29 07:24:27.195121,setup,2018-10-29 07:24:27.195121
1001#4701#1360005000132,small_cast,???,N,health,0200#0200#1,????,inspection_results,???,small_cast,???,small_cast,setup,2018-10-29 07:24:27.206735,setup,2018-10-29 07:24:27.206735
1001#4701#1360005000132,epithelial_cells,????,N,health,0200#0200#1,????,inspection_results,????,epithelial_cells,????,epithelial_cells,setup,2018-10-29 07:24:27.213705,setup,2018-10-29 07:24:27.213705
1001#4701#1360005000132,cast,??,N,health,0200#0200#1,????,inspection_results,??,cast,??,cast,setup,2018-10-29 07:24:27.226792,setup,2018-10-29 07:24:27.226792
1001#4701#1360005000132,amorphous_urate,??????,N,health,0200#0200#1,????,inspection_results,??????,amorphous_urate,??????,amorphous_urate,setup,2018-10-29 07:24:27.238922,setup,2018-10-29 07:24:27.238922
1001#4701#1360005000132,amorphous_phosphoric_acid,??????,N,health,0200#0200#1,????,inspection_results,??????,amorphous_phosphoric_acid,??????,amorphous_phosphoric_acid,setup,2018-10-29 07:24:27.245515,setup,2018-10-29 07:24:27.245515
1001#4701#1360005000132,bright_cell,???,N,health,0200#0200#1,????,inspection_results,???,bright_cell,???,bright_cell,setup,2018-10-29 07:24:27.251335,setup,2018-10-29 07:24:27.251335
1001#4701#1360005000132,inclusion_body_cells,?????,N,health,0200#0200#1,????,inspection_results,?????,inclusion_body_cells,?????,inclusion_body_cells,setup,2018-10-29 07:24:27.260981,setup,2018-10-29 07:24:27.260981
1001#4701#1360005000132,yeast_like_fungus,?????,N,health,0200#0200#1,????,inspection_results,?????,yeast_like_fungus,?????,yeast_like_fungus,setup,2018-10-29 07:24:27.28115,setup,2018-10-29 07:24:27.28115
1001#4701#1360005000132,uric_acid_crystals,????,N,health,0200#0200#1,????,inspection_results,????,uric_acid_crystals,????,uric_acid_crystals,setup,2018-10-29 07:24:27.287512,setup,2018-10-29 07:24:27.287512
1001#4701#1360005000132,phosphate_ca_crystal,???Ca??,N,health,0200#0200#1,????,inspection_results,???Ca??,phosphate_ca_crystal,???Ca??,phosphate_ca_crystal,setup,2018-10-29 07:24:27.294814,setup,2018-10-29 07:24:27.294814
1001#4701#1360005000132,granular_cast,????,N,health,0200#0200#1,????,inspection_results,????,granular_cast,????,granular_cast,setup,2018-10-29 07:24:27.304499,setup,2018-10-29 07:24:27.304499
1001#4701#1360005000132,waxy_cast,?????,N,health,0200#0200#1,????,inspection_results,?????,waxy_cast,?????,waxy_cast,setup,2018-10-29 07:24:27.314249,setup,2018-10-29 07:24:27.314249
1001#4701#1360005000132,red_blood_cell_cast,?????,N,health,0200#0200#1,????,inspection_results,?????,red_blood_cell_cast,?????,red_blood_cell_cast,setup,2018-10-29 07:24:27.326953,setup,2018-10-29 07:24:27.326953
1001#4701#1360005000132,white_blood_cell_cast,?????,N,health,0200#0200#1,????,inspection_results,?????,white_blood_cell_cast,?????,white_blood_cell_cast,setup,2018-10-29 07:24:27.336642,setup,2018-10-29 07:24:27.336642
1001#4701#1360005000132,epithelial_cast,????,N,health,0200#0200#1,????,inspection_results,????,epithelial_cast,????,epithelial_cast,setup,2018-10-29 07:24:27.347817,setup,2018-10-29 07:24:27.347817
1001#4701#1360005000132,fatty_cast,????,N,health,0200#0200#1,????,inspection_results,????,fatty_cast,????,fatty_cast,setup,2018-10-29 07:24:27.360221,setup,2018-10-29 07:24:27.360221
1001#4701#1360005000132,oval_fat_body,??????,N,health,0200#0200#1,????,inspection_results,??????,oval_fat_body,??????,oval_fat_body,setup,2018-10-29 07:24:27.369419,setup,2018-10-29 07:24:27.369419
1001#4701#1360005000132,ammonium_phosphate_mg,?????????Mg,N,health,0200#0200#1,????,inspection_results,?????????Mg,ammonium_phosphate_mg,?????????Mg,ammonium_phosphate_mg,setup,2018-10-29 07:24:27.380779,setup,2018-10-29 07:24:27.380779
1001#4701#1360005000132,ammonium_urate,????????,N,health,0200#0200#1,????,inspection_results,????????,ammonium_urate,????????,ammonium_urate,setup,2018-10-29 07:24:27.393236,setup,2018-10-29 07:24:27.393236
1001#4701#1360005000132,bilirubin_crystals,???????,N,health,0200#0200#1,????,inspection_results,???????,bilirubin_crystals,???????,bilirubin_crystals,setup,2018-10-29 07:24:27.403057,setup,2018-10-29 07:24:27.403057
1001#4701#1360005000132,cystine_crystals,??????,N,health,0200#0200#1,????,inspection_results,??????,cystine_crystals,??????,cystine_crystals,setup,2018-10-29 07:24:27.414295,setup,2018-10-29 07:24:27.414295
1001#4701#1360005000132,cholesterol_crystals,?????????,N,health,0200#0200#1,????,inspection_results,?????????,cholesterol_crystals,?????????,cholesterol_crystals,setup,2018-10-29 07:24:27.427297,setup,2018-10-29 07:24:27.427297
1001#4701#1360005000132,fat_globule,???,N,health,0200#0200#1,????,inspection_results,???,fat_globule,???,fat_globule,setup,2018-10-29 07:24:27.436233,setup,2018-10-29 07:24:27.436233
1001#4701#1360005000132,trichomonas,??????,N,health,0200#0200#1,????,inspection_results,??????,trichomonas,??????,trichomonas,setup,2018-10-29 07:24:27.446468,setup,2018-10-29 07:24:27.446468
1001#4701#1360005000132,transitional_cells,???????,N,health,0200#0200#1,????,inspection_results,???????,transitional_cells,???????,transitional_cells,setup,2018-10-29 07:24:27.460943,setup,2018-10-29 07:24:27.460943
1001#4701#1360005000132,sperm,??,N,health,0200#0200#1,????,inspection_results,??,sperm,??,sperm,setup,2018-10-29 07:24:27.467871,setup,2018-10-29 07:24:27.467871
1001#4701#1360005000132,renal_tubular_epithelial_cell,????????,N,health,0200#0200#1,????,inspection_results,????????,renal_tubular_epithelial_cell,????????,renal_tubular_epithelial_cell,setup,2018-10-29 07:24:27.480859,setup,2018-10-29 07:24:27.480859
1001#4701#1360005000132,dysmorphic_rbc,?????,N,health,0200#0200#1,????,inspection_results,?????,dysmorphic_rbc,?????,dysmorphic_rbc,setup,2018-10-29 07:24:27.493666,setup,2018-10-29 07:24:27.493666
1001#4701#1360005000132,blanket_degenerate_cast,??????,N,health,0200#0200#1,????,inspection_results,??????,blanket_degenerate_cast,??????,blanket_degenerate_cast,setup,2018-10-29 07:24:27.502228,setup,2018-10-29 07:24:27.502228
1001#4701#1360005000132,hemosiderin_cast,????????,N,health,0200#0200#1,????,inspection_results,????????,hemosiderin_cast,????????,hemosiderin_cast,setup,2018-10-29 07:24:27.513435,setup,2018-10-29 07:24:27.513435
1001#4701#1360005000132,myoglobin_cast,????????,N,health,0200#0200#1,????,inspection_results,????????,myoglobin_cast,????????,myoglobin_cast,setup,2018-10-29 07:24:27.526431,setup,2018-10-29 07:24:27.526431
1001#4701#1360005000132,salt_crystal_cast,??ú????,N,health,0200#0200#1,????,inspection_results,??ú????,salt_crystal_cast,??ú????,salt_crystal_cast,setup,2018-10-29 07:24:27.535564,setup,2018-10-29 07:24:27.535564
1001#4701#1360005000132,wide_cast,????,N,health,0200#0200#1,????,inspection_results,????,wide_cast,????,wide_cast,setup,2018-10-29 07:24:27.546305,setup,2018-10-29 07:24:27.546305
1001#4701#1360005000132,2_8_dha_crystal,2.8?????????????(DHA)??,N,health,0200#0200#1,????,inspection_results,2.8??????????(DHA)??,2_8_dha_crystal,2.8??????????(DHA)??,2_8_dha_crystal,setup,2018-10-29 07:24:27.56274,setup,2018-10-29 07:24:27.56274
1001#4701#1360005000132,columnar_epithelial_cells,??????,N,health,0200#0200#1,????,inspection_results,??????,columnar_epithelial_cells,??????,columnar_epithelial_cells,setup,2018-10-29 07:24:27.57407,setup,2018-10-29 07:24:27.57407
1001#4701#1360005000132,stercoral_strongyloides,???,N,health,0200#0200#1,????,inspection_results,???,stercoral_strongyloides,???,stercoral_strongyloides,setup,2018-10-29 07:24:27.582299,setup,2018-10-29 07:24:27.582299
1001#4701#1360005000132,pinworm_eggs,???,N,health,0200#0200#1,????,inspection_results,???,pinworm_eggs,???,pinworm_eggs,setup,2018-10-29 07:24:27.59374,setup,2018-10-29 07:24:27.59374
1001#4701#1360005000132,idioblast,????,N,health,0200#0200#1,????,inspection_results,????,idioblast,????,idioblast,setup,2018-10-29 07:24:27.605367,setup,2018-10-29 07:24:27.605367
1001#4701#1360005000132,hematocrit,????????,N,health,0200#0200#1,????,inspection_results,????????,hematocrit,????????,hematocrit,setup,2018-10-29 07:24:27.615125,setup,2018-10-29 07:24:27.615125
1001#4701#1360005000132,hemoglobin,????[???????],N,health,0200#0200#1,????,blood_test_results,????(???????),hemoglobin,????(???????),hemoglobin,setup,2018-10-29 07:24:27.628397,setup,2018-10-29 07:24:27.628397
1001#4701#1360005000132,red_blood_count,????,N,health,0200#0200#1,????,blood_test_results,????,red_blood_count,????,red_blood_count,setup,2018-10-29 07:24:27.636691,setup,2018-10-29 07:24:27.636691
1001#4701#1360005000132,mcv,MCV,N,health,0200#0200#1,????,blood_test_results,MCV,mcv,MCV,mcv,setup,2018-10-29 07:24:27.646035,setup,2018-10-29 07:24:27.646035
1001#4701#1360005000132,mch,MCH,N,health,0200#0200#1,????,blood_test_results,MCH,mch,MCH,mch,setup,2018-10-29 07:24:27.660873,setup,2018-10-29 07:24:27.660873
1001#4701#1360005000132,mchc,MCHC,N,health,0200#0200#1,????,blood_test_results,MCHC,mchc,MCHC,mchc,setup,2018-10-29 07:24:27.67109,setup,2018-10-29 07:24:27.67109
1001#4701#1360005000132,white_blood_count,????,N,health,0200#0200#1,????,blood_test_results,????,white_blood_count,????,white_blood_count,setup,2018-10-29 07:24:27.681309,setup,2018-10-29 07:24:27.681309
1001#4701#1360005000132,platelet_count,????,N,health,0200#0200#1,????,blood_test_results,????,platelet_count,????,platelet_count,setup,2018-10-29 07:24:27.695447,setup,2018-10-29 07:24:27.695447
1001#4701#1360005000132,basophil,????,N,health,0200#0200#1,????,blood_test_results,????,basophil,????,basophil,setup,2018-10-29 07:24:27.705406,setup,2018-10-29 07:24:27.705406
1001#4701#1360005000132,eosinophils,???,N,health,0200#0200#1,????,blood_test_results,???,eosinophils,???,eosinophils,setup,2018-10-29 07:24:27.715228,setup,2018-10-29 07:24:27.715228
1001#4701#1360005000132,neutrophils,???,N,health,0200#0200#1,????,blood_test_results,???,neutrophils,???,neutrophils,setup,2018-10-29 07:24:27.727116,setup,2018-10-29 07:24:27.727116
1001#4701#1360005000132,lymphocyte,????,N,health,0200#0200#1,????,blood_test_results,????,lymphocyte,????,lymphocyte,setup,2018-10-29 07:24:27.736188,setup,2018-10-29 07:24:27.736188
1001#4701#1360005000132,monocyte,??,N,health,0200#0200#1,????,blood_test_results,??,monocyte,??,monocyte,setup,2018-10-29 07:24:27.745578,setup,2018-10-29 07:24:27.745578
1001#4701#1360005000132,seg,seg,N,health,0200#0200#1,????,blood_test_results,seg,seg,seg,seg,setup,2018-10-29 07:24:27.760923,setup,2018-10-29 07:24:27.760923
1001#4701#1360005000132,stab,stab,N,health,0200#0200#1,????,blood_test_results,stab,stab,stab,stab,setup,2018-10-29 07:24:27.769631,setup,2018-10-29 07:24:27.769631
1001#4701#1360005000132,pro_my,Pro-My,N,health,0200#0200#1,????,blood_test_results,Pro-My,pro_my,Pro-My,pro_my,setup,2018-10-29 07:24:27.781576,setup,2018-10-29 07:24:27.781576
1001#4701#1360005000132,myelo,Myelo,N,health,0200#0200#1,????,blood_test_results,Myelo,myelo,Myelo,myelo,setup,2018-10-29 07:24:27.794202,setup,2018-10-29 07:24:27.794202
1001#4701#1360005000132,meta,Meta,N,health,0200#0200#1,????,blood_test_results,Meta,meta,Meta,meta,setup,2018-10-29 07:24:27.802924,setup,2018-10-29 07:24:27.802924
1001#4701#1360005000132,erythro,Erythro,N,health,0200#0200#1,????,blood_test_results,Erythro,erythro,Erythro,erythro,setup,2018-10-29 07:24:27.815452,setup,2018-10-29 07:24:27.815452
1001#4701#1360005000132,atypical_lymphocyte,??????,N,health,0200#0200#1,????,blood_test_results,??????,atypical_lymphocyte,??????,atypical_lymphocyte,setup,2018-10-29 07:24:27.824413,setup,2018-10-29 07:24:27.824413
1001#4701#1360005000132,isomer_atypical_lymphocyte,??????(???),N,health,0200#0200#1,????,blood_test_results,??????(???),isomer_atypical_lymphocyte,??????(???),isomer_atypical_lymphocyte,setup,2018-10-29 07:24:27.834273,setup,2018-10-29 07:24:27.834273
1001#4701#1360005000132,alt_like_cells,ALT???,N,health,0200#0200#1,????,blood_test_results,ALT???,alt_like_cells,ALT???,alt_like_cells,setup,2018-10-29 07:24:27.848155,setup,2018-10-29 07:24:27.848155
1001#4701#1360005000132,classification_unknown_cells,??????,N,health,0200#0200#1,????,blood_test_results,??????,classification_unknown_cells,??????,classification_unknown_cells,setup,2018-10-29 07:24:27.860204,setup,2018-10-29 07:24:27.860204
1001#4701#1360005000132,abnormal_cell,????,N,health,0200#0200#1,????,blood_test_results,????,abnormal_cell,????,abnormal_cell,setup,2018-10-29 07:24:27.868703,setup,2018-10-29 07:24:27.868703
1001#4701#1360005000132,blastoid,?????,N,health,0200#0200#1,????,blood_test_results,?????,blastoid,?????,blastoid,setup,2018-10-29 07:24:27.877554,setup,2018-10-29 07:24:27.877554
1001#4701#1360005000132,appear_juvenile_cell,?????????,N,health,0200#0200#1,????,blood_test_results,?????????,appear_juvenile_cell,?????????,appear_juvenile_cell,setup,2018-10-29 07:24:27.887936,setup,2018-10-29 07:24:27.887936
1001#4701#1360005000132,toxic_granule,????,N,health,0200#0200#1,????,blood_test_results,????,toxic_granule,????,toxic_granule,setup,2018-10-29 07:24:27.897439,setup,2018-10-29 07:24:27.897439
1001#4701#1360005000132,red_blood_cell_morphology,?????,N,health,0200#0200#1,????,blood_test_results,?????,red_blood_cell_morphology,?????,red_blood_cell_morphology,setup,2018-10-29 07:24:27.91456,setup,2018-10-29 07:24:27.91456
1001#4701#1360005000132,anisocytosis,???????,N,health,0200#0200#1,????,blood_test_results,???????,anisocytosis,???????,anisocytosis,setup,2018-10-29 07:24:27.928119,setup,2018-10-29 07:24:27.928119
1001#4701#1360005000132,big_red_blood_cell,?????,N,health,0200#0200#1,????,blood_test_results,?????,big_red_blood_cell,?????,big_red_blood_cell,setup,2018-10-29 07:24:27.937766,setup,2018-10-29 07:24:27.937766
1001#4701#1360005000132,leptocyte,?????,N,health,0200#0200#1,????,blood_test_results,?????,leptocyte,?????,leptocyte,setup,2018-10-29 07:24:27.946134,setup,2018-10-29 07:24:27.946134
1001#4701#1360005000132,poikilocyte,?????,N,health,0200#0200#1,????,blood_test_results,?????,poikilocyte,?????,poikilocyte,setup,2018-10-29 07:24:27.961194,setup,2018-10-29 07:24:27.961194
1001#4701#1360005000132,target_cell,?????,N,health,0200#0200#1,????,blood_test_results,?????,target_cell,?????,target_cell,setup,2018-10-29 07:24:27.970747,setup,2018-10-29 07:24:27.970747
1001#4701#1360005000132,blood_sedimentation_1_hour,??1??,N,health,0200#0200#1,????,blood_test_results,??,blood_sedimentation,??1??,blood_sedimentation_1_hour,setup,2018-10-29 07:24:27.980161,setup,2018-10-29 07:24:27.980161
1001#4701#1360005000132,blood_sedimentation_2_hour,??2??,N,health,0200#0200#1,????,blood_test_results,??,blood_sedimentation,??2??,blood_sedimentation_2_hour,setup,2018-10-29 07:24:27.991912,setup,2018-10-29 07:24:27.991912
1001#4701#1360005000132,human_hemoglobin_1_day,????1??,N,health,0200#0200#1,????,blood_test_results,????????,human_hemoglobin,????1??,human_hemoglobin_1_day,setup,2018-10-29 07:24:28.000337,setup,2018-10-29 07:24:28.000337
1001#4701#1360005000132,human_hemoglobin_2_day,????2??,N,health,0200#0200#1,????,blood_test_results,????????,human_hemoglobin,????2??,human_hemoglobin_2_day,setup,2018-10-29 07:24:28.013646,setup,2018-10-29 07:24:28.013646
1001#4701#1360005000132,rectal_examination,???,N,health,0200#0200#1,????,blood_test_results,???,rectal_examination,???,rectal_examination,setup,2018-10-29 07:24:28.023925,setup,2018-10-29 07:24:28.023925
1001#4701#1360005000132,culture _stercoral_strongyloides,?????,N,health,0200#0200#1,????,blood_test_results,?????,culture _stercoral_strongyloides,?????,culture _stercoral_strongyloides,setup,2018-10-29 07:24:28.03583,setup,2018-10-29 07:24:28.03583
1001#4701#1360005000132,parasite_eggs_concentration_technique,??(???),N,health,0200#0200#1,????,blood_test_results,??(???),parasite_eggs_concentration_technique,??(???),parasite_eggs_concentration_technique,setup,2018-10-29 07:24:28.047782,setup,2018-10-29 07:24:28.047782
1001#4701#1360005000132,parasite_eggs_direct_smear,??????,N,health,0200#0200#1,????,blood_test_results,??????,parasite_eggs_direct_smear,??????,parasite_eggs_direct_smear,setup,2018-10-29 07:24:28.057672,setup,2018-10-29 07:24:28.057672
1001#4701#1360005000132,dysentery,??,N,health,0200#0200#1,????,blood_test_results,??,dysentery,??,dysentery,setup,2018-10-29 07:24:28.067691,setup,2018-10-29 07:24:28.067691
1001#4701#1360005000132,salmonella,?????,N,health,0200#0200#1,????,blood_test_results,?????,salmonella,?????,salmonella,setup,2018-10-29 07:24:28.079854,setup,2018-10-29 07:24:28.079854
1001#4701#1360005000132,o_157,O-157,N,health,0200#0200#1,????,blood_test_results,O-157,o_157,O-157,o_157,setup,2018-10-29 07:24:28.089821,setup,2018-10-29 07:24:28.089821
1001#4701#1360005000132,typhoid_fever,????,N,health,0200#0200#1,????,blood_test_results,????,typhoid_fever,????,typhoid_fever,setup,2018-10-29 07:24:28.101282,setup,2018-10-29 07:24:28.101282
1001#4701#1360005000132,paratyphoid_fever,?????,N,health,0200#0200#1,????,blood_test_results,?????,paratyphoid_fever,?????,paratyphoid_fever,setup,2018-10-29 07:24:28.112808,setup,2018-10-29 07:24:28.112808
1001#4701#1360005000132,vibrio_parahaemolyticus,???????,N,health,0200#0200#1,????,blood_test_results,???????,vibrio_parahaemolyticus,???????,vibrio_parahaemolyticus,setup,2018-10-29 07:24:28.123764,setup,2018-10-29 07:24:28.123764
1001#4701#1360005000132,welch_bacillus,?????,N,health,0200#0200#1,????,blood_test_results,?????,welch_bacillus,?????,welch_bacillus,setup,2018-10-29 07:24:28.134609,setup,2018-10-29 07:24:28.134609
1001#4701#1360005000132,amount_1_sec,?????(1??),N,health,0200#0200#1,????,inspection_results,???,pulmonary_function,?????(1??),amount_1_sec,setup,2018-10-29 07:24:28.145296,setup,2018-10-29 07:24:28.145296
1001#4701#1360005000132,electro_cardiogram_findings,???(??)5,N,health,0200#0200#1,????,blood_test_results,?????,electro_cardiogram_findings,?????,electro_cardiogram_findings,setup,2018-10-29 07:24:28.156974,setup,2018-10-29 07:24:28.156974
1001#4701#1360005000132,chest_xray_direct_findings,??X???(??:????)??5,N,health,0200#0200#1,??,findings,??X???(??:????)??,chest_xray_direct_findings,??X???(??:????)??,chest_xray_direct_findings,setup,2018-10-29 07:24:28.166896,setup,2018-10-29 07:24:28.166896
1001#4701#1360005000132,chest_xray_indirect_findings,??X???(??:????)??5,N,health,0200#0200#1,??,findings,??X???(??:????)??,chest_xray_indirect_findings,??X???(??:????)??,chest_xray_indirect_findings,setup,2018-10-29 07:24:28.175598,setup,2018-10-29 07:24:28.175598
1001#4701#1360005000132,sputum_examination_smear_microscopy_findings,???? (???? ????)??5,N,health,0200#0200#1,??,findings,???? (????:????)??,sputum_examination_smear_microscopy_findings,???? (????:????)??,sputum_examination_smear_microscopy_findings,setup,2018-10-29 07:24:28.191079,setup,2018-10-29 07:24:28.191079
1001#4701#1360005000132,upper_gastrointestinal_xray_direct_findings,?????X?(????)??5,N,health,0200#0200#1,??,findings,?????X?(????)??,upper_gastrointestinal_xray_direct_findings,?????X?(????)??,upper_gastrointestinal_xray_direct_findings,setup,2018-10-29 07:24:28.203907,setup,2018-10-29 07:24:28.203907
1001#4701#1360005000132,upper_gastrointestinal_xray_indirect_findings,?????X?(????)??5,N,health,0200#0200#1,??,findings,?????X?(????)??,upper_gastrointestinal_xray_indirect_findings,?????X?(????)??,upper_gastrointestinal_xray_indirect_findings,setup,2018-10-29 07:24:28.213166,setup,2018-10-29 07:24:28.213166
1001#4701#1360005000132,upper_gastrointestinal_endoscope_findings,??????????(??)2,N,health,0200#0200#1,??,findings,??????????(??),upper_gastrointestinal_endoscope_findings,??????????(??),upper_gastrointestinal_endoscope_findings,setup,2018-10-29 07:24:28.22348,setup,2018-10-29 07:24:28.22348
1001#4701#1360005000132,ultrasound_abdominal,?????(??)5,N,health,0200#0200#1,??,findings,?????(??),ultrasound_abdominal,?????(??),ultrasound_abdominal,setup,2018-10-29 07:24:28.233214,setup,2018-10-29 07:24:28.233214
1001#4701#1360005000132,ultrasound_cardiac,?????(??)5,N,health,0200#0200#1,??,findings,?????(??),ultrasound_cardiac,?????(??),ultrasound_cardiac,setup,2018-10-29 07:24:28.244753,setup,2018-10-29 07:24:28.244753
1001#4701#1360005000132,findings,??????(??)5,N,health,0200#0200#1,????,inspection_results,??????,carotid_duplex,??????(??),findings,setup,2018-10-29 07:24:28.256264,setup,2018-10-29 07:24:28.256264
1001#4701#1360005000132,exist_plaque,??????,N,health,0200#0200#1,????,inspection_results,??????,carotid_duplex,??????,exist_plaque,setup,2018-10-29 07:24:28.266375,setup,2018-10-29 07:24:28.266375
1001#4701#1360005000132,max_imt_right,??IMT?,N,health,0200#0200#1,????,inspection_results,??????,carotid_duplex,??IMT?,max_imt_right,setup,2018-10-29 07:24:28.278804,setup,2018-10-29 07:24:28.278804
1001#4701#1360005000132,max_imt_left,??IMT?,N,health,0200#0200#1,????,inspection_results,??????,carotid_duplex,??IMT?,max_imt_left,setup,2018-10-29 07:24:28.318229,setup,2018-10-29 07:24:28.318229
1001#4701#1360005000132,average_imt_right,??IMT?,N,health,0200#0200#1,????,inspection_results,??????,carotid_duplex,??IMT?,average_imt_right,setup,2018-10-29 07:24:28.344393,setup,2018-10-29 07:24:28.344393
1001#4701#1360005000132,average_imt_left,??IMT?,N,health,0200#0200#1,????,inspection_results,??????,carotid_duplex,??IMT?,average_imt_left,setup,2018-10-29 07:24:28.35628,setup,2018-10-29 07:24:28.35628
1001#4701#1360005000132,mamma_palpation_findings,?????(??)5,N,health,0200#0200#1,????,inspection_results,?????,gynecological_exam,?????(??),mamma_palpation_findings,setup,2018-10-29 07:24:28.368821,setup,2018-10-29 07:24:28.368821
1001#4701#1360005000132,mammography_findings,??????(????????)(??),N,health,0200#0200#1,????,inspection_results,?????,gynecological_exam,??????(????????)(??),mammography_findings,setup,2018-10-29 07:24:28.378087,setup,2018-10-29 07:24:28.378087
1001#4701#1360005000132,left_500,???500Hz,N,health,0200#0200#1,????,inspection_results,??,hearing,???500Hz,left_500,setup,2018-10-29 07:24:28.386723,setup,2018-10-29 07:24:28.386723
1001#4701#1360005000132,mammography_category,???????,N,health,0200#0200#1,????,inspection_results,?????,gynecological_exam,???????,mammography_category,setup,2018-10-29 07:24:28.412271,setup,2018-10-29 07:24:28.412271
1001#4701#1360005000132,mamma_ultrasound_findings,???????(??)4,N,health,0200#0200#1,????,inspection_results,?????,gynecological_exam,???????(??),mamma_ultrasound_findings,setup,2018-10-29 07:24:28.424275,setup,2018-10-29 07:24:28.424275
1001#4701#1360005000132,cervix_uteri_inspection_findings,??????(??),N,health,0200#0200#1,????,inspection_results,?????,gynecological_exam,??????(??),cervix_uteri_inspection_findings,setup,2018-10-29 07:24:28.43379,setup,2018-10-29 07:24:28.43379
1001#4701#1360005000132,intrauterine_diagnosis_findings,????(??),N,health,0200#0200#1,????,inspection_results,?????,gynecological_exam,????(??),intrauterine_diagnosis_findings,setup,2018-10-29 07:24:28.445615,setup,2018-10-29 07:24:28.445615
1001#4701#1360005000132,uterine_disease_findings,????(??),N,health,0200#0200#1,????,inspection_results,?????,gynecological_exam,????(??),uterine_disease_findings,setup,2018-10-29 07:24:28.457309,setup,2018-10-29 07:24:28.457309
1001#4701#1360005000132,cervix_uteri_cytodiagnosis,???????,N,health,0200#0200#1,????,inspection_results,?????,gynecological_exam,???????,cervix_uteri_cytodiagnosis,setup,2018-10-29 07:24:28.467202,setup,2018-10-29 07:24:28.467202
1001#4701#1360005000132,cervix_uteri_bethesda,????(????),N,health,0200#0200#1,????,inspection_results,?????,gynecological_exam,????(????),cervix_uteri_bethesda,setup,2018-10-29 07:24:28.478367,setup,2018-10-29 07:24:28.478367
1001#4701#1360005000132,corpus_uteri_cytodiagnosis,???????,N,health,0200#0200#1,????,inspection_results,?????,gynecological_exam,???????,corpus_uteri_cytodiagnosis,setup,2018-10-29 07:24:28.490346,setup,2018-10-29 07:24:28.490346
1001#4701#1360005000132,forced_vital_capacity,?????(?????),N,health,0200#0200#1,????,inspection_results,???,pulmonary_function,?????(?????),forced_vital_capacity,setup,2018-10-29 07:24:28.50134,setup,2018-10-29 07:24:28.50134
1001#4701#1360005000132,predicted_vital_capacity,?????,N,health,0200#0200#1,????,inspection_results,???,pulmonary_function,?????,predicted_vital_capacity,setup,2018-10-29 07:24:28.512296,setup,2018-10-29 07:24:28.512296
1001#4701#1360005000132,rate_1_sec,?????(1??),N,health,0200#0200#1,????,inspection_results,???,pulmonary_function,?????(1??),rate_1_sec,setup,2018-10-29 07:24:28.523164,setup,2018-10-29 07:24:28.523164
1001#4701#1360005000132,percent_vital_capacity,?????(%VC),N,health,0200#0200#1,????,inspection_results,???,pulmonary_function,?????(%VC),percent_vital_capacity,setup,2018-10-29 07:24:28.534347,setup,2018-10-29 07:24:28.534347
1001#4701#1360005000132,eyesight_right,??(?),N,health,0200#0200#1,????,inspection_results,??,eyesight,??(?),eyesight_right,setup,2018-10-29 07:24:28.545016,setup,2018-10-29 07:24:28.545016
1001#4701#1360005000132,eyesight_left,??(?),N,health,0200#0200#1,????,inspection_results,??,eyesight,??(?),eyesight_left,setup,2018-10-29 07:24:28.555546,setup,2018-10-29 07:24:28.555546
1001#4701#1360005000132,right_corrected,??(?:??),N,health,0200#0200#1,????,inspection_results,??,eyesight,??(?:??),right_corrected,setup,2018-10-29 07:24:28.566554,setup,2018-10-29 07:24:28.566554
1001#4701#1360005000132,left_corrected,??(?:??),N,health,0200#0200#1,????,inspection_results,??,eyesight,??(?:??),left_corrected,setup,2018-10-29 07:24:28.579806,setup,2018-10-29 07:24:28.579806
1001#4701#1360005000132,eyesight_right_33,??33cm(?),N,health,0200#0200#1,????,inspection_results,??,eyesight,??33cm(?),eyesight_right_33,setup,2018-10-29 07:24:28.589596,setup,2018-10-29 07:24:28.589596
1001#4701#1360005000132,eyesight_left_33,??33cm(?),N,health,0200#0200#1,????,inspection_results,??,eyesight,??33cm(?),eyesight_left_33,setup,2018-10-29 07:24:28.598769,setup,2018-10-29 07:24:28.598769
1001#4701#1360005000132,eyesight_right_33_corrected,??33cm(?:??),N,health,0200#0200#1,????,inspection_results,??,eyesight,??33cm(?:??),eyesight_right_33_corrected,setup,2018-10-29 07:24:28.611484,setup,2018-10-29 07:24:28.611484
1001#4701#1360005000132,eyesight_left_33_corrected,??33cm(?:??),N,health,0200#0200#1,????,inspection_results,??,eyesight,??33cm(?:??),eyesight_left_33_corrected,setup,2018-10-29 07:24:28.623513,setup,2018-10-29 07:24:28.623513
1001#4701#1360005000132,eyesight_right_50,??50cm(?),N,health,0200#0200#1,????,inspection_results,??,eyesight,??50cm(?),eyesight_right_50,setup,2018-10-29 07:24:28.633814,setup,2018-10-29 07:24:28.633814
1001#4701#1360005000132,eyesight_left_50,??50cm(?),N,health,0200#0200#1,????,inspection_results,??,eyesight,??50cm(?),eyesight_left_50,setup,2018-10-29 07:24:28.644434,setup,2018-10-29 07:24:28.644434
1001#4701#1360005000132,eyesight_right_50_corrected,??50cm(?:??),N,health,0200#0200#1,????,inspection_results,??,eyesight,??50cm(?:??),eyesight_right_50_corrected,setup,2018-10-29 07:24:28.656393,setup,2018-10-29 07:24:28.656393
1001#4701#1360005000132,eyesight_left_50_corrected,??50cm(?:??),N,health,0200#0200#1,????,inspection_results,??,eyesight,??50cm(?:??),eyesight_left_50_corrected,setup,2018-10-29 07:24:28.667046,setup,2018-10-29 07:24:28.667046
1001#4701#1360005000132,both_eyes,????(?),N,health,0200#0200#1,????,inspection_results,??,eyesight,????(?),both_eyes,setup,2018-10-29 07:24:28.678144,setup,2018-10-29 07:24:28.678144
1001#4701#1360005000132,both_eyes_corrected,????(?:??),N,health,0200#0200#1,????,inspection_results,??,eyesight,????(?:??),both_eyes_corrected,setup,2018-10-29 07:24:28.689116,setup,2018-10-29 07:24:28.689116
1001#4701#1360005000132,right_1000,???1000Hz,N,health,0200#0200#1,????,inspection_results,??,hearing,???1000Hz,right_1000,setup,2018-10-29 07:24:28.700191,setup,2018-10-29 07:24:28.700191
1001#4701#1360005000132,left_1000,???1000Hz,N,health,0200#0200#1,????,inspection_results,??,hearing,???1000Hz,left_1000,setup,2018-10-29 07:24:28.711069,setup,2018-10-29 07:24:28.711069
1001#4701#1360005000132,right_4000,???4000Hz,N,health,0200#0200#1,????,inspection_results,??,hearing,???4000Hz,right_4000,setup,2018-10-29 07:24:28.719406,setup,2018-10-29 07:24:28.719406
1001#4701#1360005000132,left_4000,???4000Hz,N,health,0200#0200#1,????,inspection_results,??,hearing,???4000Hz,left_4000,setup,2018-10-29 07:24:28.733665,setup,2018-10-29 07:24:28.733665
1001#4701#1360005000132,right_250,???250Hz,N,health,0200#0200#1,????,inspection_results,??,hearing,???250Hz,right_250,setup,2018-10-29 07:24:28.744951,setup,2018-10-29 07:24:28.744951
1001#4701#1360005000132,left_25,???250Hz,N,health,0200#0200#1,????,inspection_results,??,hearing,???250Hz,left_25,setup,2018-10-29 07:24:28.755196,setup,2018-10-29 07:24:28.755196
1001#4701#1360005000132,right_500,???500Hz,N,health,0200#0200#1,????,inspection_results,??,hearing,???500Hz,right_500,setup,2018-10-29 07:24:28.766478,setup,2018-10-29 07:24:28.766478
1001#4701#1360005000132,right_2000,???2000Hz,N,health,0200#0200#1,????,inspection_results,??,hearing,???2000Hz,right_2000,setup,2018-10-29 07:24:28.777646,setup,2018-10-29 07:24:28.777646
1001#4701#1360005000132,left_2000,???2000Hz,N,health,0200#0200#1,????,inspection_results,??,hearing,???2000Hz,left_2000,setup,2018-10-29 07:24:28.787842,setup,2018-10-29 07:24:28.787842
1001#4701#1360005000132,right_8000,???8000Hz,N,health,0200#0200#1,????,inspection_results,??,hearing,???8000Hz,right_8000,setup,2018-10-29 07:24:28.800083,setup,2018-10-29 07:24:28.800083
1001#4701#1360005000132,left_8000,???8000Hz,N,health,0200#0200#1,????,inspection_results,??,hearing,???8000Hz,left_8000,setup,2018-10-29 07:24:28.812605,setup,2018-10-29 07:24:28.812605
1001#4701#1360005000132,scheie_h,????(??????:H),N,health,0200#0200#1,????,inspection_results,????,funduscopy,??????:H,scheie_h,setup,2018-10-29 07:24:28.821838,setup,2018-10-29 07:24:28.821838
1001#4701#1360005000132,funduscopy_findings,????(??????),N,health,0200#0200#1,????,inspection_results,????,funduscopy,??????,funduscopy_findings,setup,2018-10-29 07:24:28.832531,setup,2018-10-29 07:24:28.832531
1001#4701#1360005000132,color_perception,????,N,health,0200#0200#1,????,inspection_results,????,color_perception,????,color_perception,setup,2018-10-29 07:24:28.84499,setup,2018-10-29 07:24:28.84499
1001#4701#1360005000132,right,????(?),N,health,0200#0200#1,????,inspection_results,????,tonometry,????(?),right,setup,2018-10-29 07:24:28.854795,setup,2018-10-29 07:24:28.854795
1001#4701#1360005000132,left,????(?),N,health,0200#0200#1,????,inspection_results,????,tonometry,????(?),left,setup,2018-10-29 07:24:28.865461,setup,2018-10-29 07:24:28.865461
1001#4701#1360005000132,grip_strength_right,???,N,health,0200#0200#1,????,inspection_results,??,grip_strength,???,grip_strength_right,setup,2018-10-29 07:24:28.877822,setup,2018-10-29 07:24:28.877822
1001#4701#1360005000132,grip_strength_left,???,N,health,0200#0200#1,????,inspection_results,??,grip_strength,???,grip_strength_left,setup,2018-10-29 07:24:28.889008,setup,2018-10-29 07:24:28.889008
1001#4701#1360005000132,bone_density,???,N,health,0200#0200#1,????,inspection_results,???,bone_density,???,bone_density,setup,2018-10-29 07:24:28.89574,setup,2018-10-29 07:24:28.89574
1001#4701#1360005000132,z_score,Z-???,N,health,0200#0200#1,????,inspection_results,Z-???,z_score,Z-???,z_score,setup,2018-10-29 07:24:28.911369,setup,2018-10-29 07:24:28.911369
1001#4701#1360005000132,t_score,T-???,N,health,0200#0200#1,????,inspection_results,T-???,t_score,T-???,t_score,setup,2018-10-29 07:24:28.922469,setup,2018-10-29 07:24:28.922469
1001#4701#1360005000132,blood_abo,???(ABO),N,health,0200#0200#1,????,inspection_results,???(ABO),blood_abo,???(ABO),blood_abo,setup,2018-10-29 07:24:28.929939,setup,2018-10-29 07:24:28.929939
1001#4701#1360005000132,blood_rh,???(Rh),N,health,0200#0200#1,????,inspection_results,???(Rh),blood_rh,???(Rh),blood_rh,setup,2018-10-29 07:24:28.956042,setup,2018-10-29 07:24:28.956042
1001#4701#1360005000132,brinkman_index,BI??,N,health,0200#0200#1,????,inspection_results,BI??,brinkman_index,BI??,brinkman_index,setup,2018-10-29 07:24:28.965331,setup,2018-10-29 07:24:28.965331
1001#4701#1360005000132,metabolic_syndrome,??????????????,N,health,0200#0200#1,????,inspection_results,????,synthetic_judgement,??????????????,metabolic_syndrome,setup,2018-10-29 07:24:28.9779,setup,2018-10-29 07:24:28.9779
1001#4701#1360005000132,health_guidance_level,???????,N,health,0200#0200#1,????,inspection_results,????,synthetic_judgement,???????,health_guidance_level,setup,2018-10-29 07:24:28.987964,setup,2018-10-29 07:24:28.987964
1001#4701#1360005000132,doctor_diagnosis,?????(??),N,health,0200#0200#1,????,inspection_results,????,synthetic_judgement,?????(??),doctor_diagnosis,setup,2018-10-29 07:24:28.998643,setup,2018-10-29 07:24:28.998643
1001#4701#1360005000132,doctor_name,??????????????,N,health,0200#0200#1,????,inspection_results,????,synthetic_judgement,??????,doctor_name,setup,2018-10-29 07:24:29.0109,setup,2018-10-29 07:24:29.0109
1001#4701#1360005000132,medication_blood_pressure,??1(??),N,health,0200#0100#1,??????,medical_checkup_interviews,??_??1(??),medication_blood_pressure,??_??1(??),medication_blood_pressure,setup,2018-10-29 07:24:29.021243,setup,2018-10-29 07:24:29.021243
1001#4701#1360005000132,medication_blood_glucose,??2(??),N,health,0200#0100#1,??????,medical_checkup_interviews,??_??2(??),medication_blood_glucose,??_??2(??),medication_blood_glucose,setup,2018-10-29 07:24:29.032072,setup,2018-10-29 07:24:29.032072
1001#4701#1360005000132,medication_lipid,??3(??),N,health,0200#0100#1,??????,medical_checkup_interviews,??_??3(??),medication_lipid,??_??3(??),medication_lipid,setup,2018-10-29 07:24:29.045502,setup,2018-10-29 07:24:29.045502
1001#4701#1360005000132,past_history_cerebral_blood_vessel,???1(???),N,health,0200#0100#1,??????,medical_checkup_interviews,??_???1(???),past_history_cerebral_blood_vessel,??_???1(???),past_history_cerebral_blood_vessel,setup,2018-10-29 07:24:29.054112,setup,2018-10-29 07:24:29.054112
1001#4701#1360005000132,past_history_cardiac_blood_vessel,???2(???),N,health,0200#0100#1,??????,medical_checkup_interviews,??_???2(???),past_history_cardiac_blood_vessel,??_???2(???),past_history_cardiac_blood_vessel,setup,2018-10-29 07:24:29.066084,setup,2018-10-29 07:24:29.066084
1001#4701#1360005000132,past_history_kidney_failure,???3(???ú????),N,health,0200#0100#1,??????,medical_checkup_interviews,??_???3(????????),past_history_kidney_failure,??_???3(????????),past_history_kidney_failure,setup,2018-10-29 07:24:29.078797,setup,2018-10-29 07:24:29.078797
1001#4701#1360005000132,anemia,??,N,health,0200#0100#1,??????,medical_checkup_interviews,??_??,anemia,??_??,anemia,setup,2018-10-29 07:24:29.098053,setup,2018-10-29 07:24:29.098053
1001#4701#1360005000132,smoking,??,N,health,0200#0100#1,??????,medical_checkup_interviews,??_??,smoking,??_??,smoking,setup,2018-10-29 07:24:29.111633,setup,2018-10-29 07:24:29.111633
1001#4701#1360005000132,weight_change_from_20,20????????,N,health,0200#0100#1,??????,medical_checkup_interviews,??_20????????,weight_change_from_20,??_20????????,weight_change_from_20,setup,2018-10-29 07:24:29.120741,setup,2018-10-29 07:24:29.120741
1001#4701#1360005000132,exercise_habits,30????????,N,health,0200#0100#1,??????,medical_checkup_interviews,??_????,exercise_habits,??_????,exercise_habits,setup,2018-10-29 07:24:29.13115,setup,2018-10-29 07:24:29.13115
1001#4701#1360005000132,physical_habits,????????,N,health,0200#0100#1,??????,medical_checkup_interviews,??_????,physical_activity,??_????,physical_habits,setup,2018-10-29 07:24:29.144952,setup,2018-10-29 07:24:29.144952
1001#4701#1360005000132,walking_speed,????,N,health,0200#0100#1,??????,medical_checkup_interviews,??_????,walking_speed,??_????,walking_speed,setup,2018-10-29 07:24:29.151946,setup,2018-10-29 07:24:29.151946
1001#4701#1360005000132,weight_change_1_year,1???????,N,health,0200#0100#1,??????,medical_checkup_interviews,??_1???????,weight_change_1_year,??_1???????,weight_change_1_year,setup,2018-10-29 07:24:29.164518,setup,2018-10-29 07:24:29.164518
1001#4701#1360005000132,eat_fast,???1(????),N,health,0200#0100#1,??????,medical_checkup_interviews,??_???1(????),eat_fast,??_???1(????),eat_fast,setup,2018-10-29 07:24:29.176367,setup,2018-10-29 07:24:29.176367
1001#4701#1360005000132,eat_bedtime,???2(???),N,health,0200#0100#1,??????,medical_checkup_interviews,??_???2(???),eat_bedtime,??_???2(???),eat_bedtime,setup,2018-10-29 07:24:29.187248,setup,2018-10-29 07:24:29.187248
1001#4701#1360005000132,eat_snack,???3(??/??),N,health,0200#0100#1,??????,medical_checkup_interviews,??_???3(??/??),eat_snack,??_???3(??/??),eat_snack,setup,2018-10-29 07:24:29.196715,setup,2018-10-29 07:24:29.196715
1001#4701#1360005000132,eating_habits,???,N,health,0200#0100#1,??????,medical_checkup_interviews,??_???,eating_habits,??_???,eating_habits,setup,2018-10-29 07:24:29.210021,setup,2018-10-29 07:24:29.210021
1001#4701#1360005000132,drinking,??,N,health,0200#0100#1,??????,medical_checkup_interviews,??_??,drinking,??_??,drinking,setup,2018-10-29 07:24:29.218167,setup,2018-10-29 07:24:29.218167
1001#4701#1360005000132,drinking_amount,???,N,health,0200#0100#1,??????,medical_checkup_interviews,??_???,drinking_amount,??_???,drinking_amount,setup,2018-10-29 07:24:29.229194,setup,2018-10-29 07:24:29.229194
1001#4701#1360005000132,sleep,??,N,health,0200#0100#1,??????,medical_checkup_interviews,??_??,sleep,??_??,sleep,setup,2018-10-29 07:24:29.240134,setup,2018-10-29 07:24:29.240134
1001#4701#1360005000132,lifestyle_habits,???????,N,health,0200#0100#1,??????,medical_checkup_interviews,??_????,lifestyle_habits,??_????,lifestyle_habits,setup,2018-10-29 07:24:29.245993,setup,2018-10-29 07:24:29.245993
1001#4701#1360005000132,health_guidance,???????,N,health,0200#0100#1,??????,medical_checkup_interviews,??_????,health_guidance,??_????,health_guidance,setup,2018-10-29 07:24:29.251438,setup,2018-10-29 07:24:29.251438
1001#4701#1360005000132,finding1,??1,N,health,0200#0200#1,??,findings,????,medical_examination_findings,????,medical_examination_findings,setup,2018-10-29 07:24:29.259523,setup,2018-10-29 07:24:29.259523
1001#4701#1360005000132,finding2,??2,N,health,0200#0200#1,??,findings,????,medical_examination_findings,????,medical_examination_findings,setup,2018-10-29 07:24:29.274654,setup,2018-10-29 07:24:29.274654
1002#0047#00470013,hokenno,?????,N,personal,0100#0100#1,????,personal_informations,??????,insured_information,?????,insurer,setup,2018-10-29 07:24:29.297496,setup,2018-10-29 07:24:29.297496
1002#0047#00470013,hokensyo_kigo,???????,N,personal,0100#0100#1,????,personal_informations,??????,insured_information,???????,insured_mark,setup,2018-10-29 07:24:29.307459,setup,2018-10-29 07:24:29.307459
1002#0047#00470013,hokensyo_no,???????,N,personal,0100#0100#1,????,personal_informations,??????,insured_information,???????,insured_number,setup,2018-10-29 07:24:29.320536,setup,2018-10-29 07:24:29.320536
3001#0000#0,patient_id,??ID(??ID),N,personal,0100#0100#1,????,personal_informations,??ID(??ID),patient_id,??ID,patient_id,setup,2018-10-29 16:15:38.192112,setup,2018-10-29 16:15:38.192112
3001#0000#0,full_name,??,N,personal,0100#0100#1,????,personal_informations,??,full_name,??,full_name,setup,2018-10-29 16:15:38.216297,setup,2018-10-29 16:15:38.216297
3001#0000#0,birth_day,????,N,personal,0100#0100#1,????,personal_informations,????,birth_day,????,birth_day,setup,2018-10-29 16:15:38.229372,setup,2018-10-29 16:15:38.229372
3001#0000#0,sex,??,N,personal,0100#0100#1,????,personal_informations,??,sex,??,sex,setup,2018-10-29 16:15:38.244176,setup,2018-10-29 16:15:38.244176
3001#0000#0,insurer,?????,N,personal,0100#0100#1,????,personal_informations,??????,insured_information,?????,insurer,setup,2018-10-29 16:15:38.256221,setup,2018-10-29 16:15:38.256221
3001#0000#0,blood_abo,???(ABO),N,health,0200#0200#1,????,inspection_results,???(ABO),blood_abo,???(ABO),blood_abo,setup,2018-10-29 16:15:38.304717,setup,2018-10-29 16:15:38.304717
3001#0000#0,systolic,?????(??),N,health,0200#0200#1,????,inspection_results,??,blood_pressure,?????,systolic,setup,2018-10-29 16:15:38.314663,setup,2018-10-29 16:15:38.314663
3001#0000#0,diastolic,?????(??),N,health,0200#0200#1,????,inspection_results,??,blood_pressure,?????,diastolic,setup,2018-10-29 16:15:38.322271,setup,2018-10-29 16:15:38.322271
3001#0000#0,ifa_date,?????,Y,personal,0100#0100#1,"","","","","","",setup,2018-10-29 16:15:37.689492,setup,2018-10-29 16:15:37.689492
1001#4701#1360005000132,examination_date,???????,Y,personal,0100#0100#1,"","","","","","",setup,2018-10-29 07:24:25.47753,setup,2018-10-29 07:24:25.47753
1002#0047#00470013,last_kousin_date,??????,Y,personal,0100#0100#1,"","","","","","",setup,2018-10-29 07:24:29.284747,setup,2018-10-29 07:24:29.284747
1003#0001#0,sky_ym,????(???DPC)????,Y,personal,0100#0100#1,"","","","","","",setup,2018-10-29 07:24:29.32895,setup,2018-10-29 07:24:29.32895
1003#0003#0,sky_ym,????(??)????,Y,personal,0100#0100#1,"","","","","","",setup,2018-10-29 07:24:29.340167,setup,2018-10-29 07:24:29.340167
1003#0004#0,sky_ym,????(??)????,Y,personal,0100#0100#1,"","","","","","",setup,2018-10-29 07:24:29.351337,setup,2018-10-29 07:24:29.351337
3001#0000#0,interview_answer_type,interview_answer_type,N,health,0200#0100#1,Specific medical examination interview,medical_checkup_interviews,Interview,Interview_answers,answer_type,answer_type,setup,2019-04-05 21:22:44.611434,setup,2019-04-05 21:22:44.611434
3001#0000#0,interview_version,interview_version,N,health,0200#0100#1,Specific medical examination interview,medical_checkup_interviews,Interview,Interview_answers,interview version,interview_version,setup,2019-04-05 21:22:44.611434,setup,2019-04-05 21:22:44.611434
3001#0000#0,interview_answer,interview_answer,N,health,0200#0100#1,Specific medical examination interview,medical_checkup_interviews,Interview,Interview_answers,interview_answer,interview_answer,setup,2019-04-05 21:22:44.611434,setup,2019-04-05 21:22:44.611434
3001#0000#0,interview_id,interview_id,N,health,0200#0100#1,Specific medical examination interview,medical_checkup_interviews,Interview,Interview_answers,interview_id,interview_id,setup,2019-04-05 21:22:44.611434,setup,2019-04-05 21:22:44.611434
3001#0000#0,interview_category_id,interview_category_id,N,health,0200#0100#1,Specific medical examination interview,medical_checkup_interviews,Interview,Interview_answers,interview_category_id,interview_category_id,setup,2019-04-05 21:22:44.611434,setup,2019-04-05 21:22:44.611434
