personal,OA?l?Œ¤,personal_informations,10,0100#0100#1,setup,2018-10-29 07:23:59.087544,setup,2018-10-29 07:23:59.087544
health,?g`I?Œ¤,physical_informations,11,0200#0100#1,setup,2018-10-29 07:23:59.108383,setup,2018-10-29 07:23:59.108383
health,"OY?,O<%E",inspection_results,13,0200#0200#1,setup,2018-10-29 07:23:59.210647,setup,2018-10-29 07:23:59.210647
health,"OO%tOY?,O<%E",blood_test_results,14,0200#0200#1,setup,2018-10-29 07:23:59.216049,setup,2018-10-29 07:23:59.216049
health,?SOc,findings,15,0200#0200#1,setup,2018-10-29 07:23:59.227834,setup,2018-10-29 07:23:59.227834
health,Interview,medical_checkup_interviews,12,0200#0100#1,setup,2018-10-29 16:50:58.007336,setup,2018-10-29 16:50:58.007336
