3,عائشة,,,arab@a.com,e6369695ad8aa9454aa660dd353356fff7375ec0ca21acc3d72aa69b082b98e840bdd770a10d0f11be29ada94d4ac8ec4b6cb39de0ad035897fd0d8c48c6f908,c441ad05803f8ad27ea76d793e181a97eb533c01ea4002f3cc0e63205ccb445e0b9d32511fc28af04bb25d6c97ab21fa6ddc0f54c90ea85c59d9a18bfd751484,ar,2018-03-23 09:11:37.817996,2018-03-23 09:20:00.171779
2,日立太郎,,,hitachi@h.com,e6369695ad8aa9454aa660dd353356fff7375ec0ca21acc3d72aa69b082b98e840bdd770a10d0f11be29ada94d4ac8ec4b6cb39de0ad035897fd0d8c48c6f908,c441ad05803f8ad27ea76d793e181a97eb533c01ea4002f3cc0e63205ccb445e0b9d32511fc28af04bb25d6c97ab21fa6ddc0f54c90ea85c59d9a18bfd751484,ar,2018-03-23 09:11:43.319972,2018-03-23 09:20:00.171779
4,shehata,1920588088053376,INITIAL,shehata@shehata,a437fc3572e50bf1c858df2cd7b46e0e34acc8ebd625082461b4088ea90210bb1b32c29b4c170a8b506d581185093989070eda90e685421aa5b804d779615336,31e9257d4488742f656807c2e733d081075a1256758e9fd5f0f96d44909c66181e8dc56070f54ffbbaba5b5a75e81888e86984fa0f21741ca1244d23862badfa,ar,,
1,Mark Johnson,,,mark@h.com,e6369695ad8aa9454aa660dd353356fff7375ec0ca21acc3d72aa69b082b98e840bdd770a10d0f11be29ada94d4ac8ec4b6cb39de0ad035897fd0d8c48c6f908,c441ad05803f8ad27ea76d793e181a97eb533c01ea4002f3cc0e63205ccb445e0b9d32511fc28af04bb25d6c97ab21fa6ddc0f54c90ea85c59d9a18bfd751484,ar,2018-03-23 09:11:35.250524,2018-03-23 09:20:00.171779
5,amer,,,amer@amer,0bb712ff73c23dc14fddf03dbee5ab94b7ecef4fbe0894c236f06a96c07af11ded474004af898f3decded249cf67168fcd50f925bf1c0242df5aadfb820add0f,85a4bd1268216bc6ee989d313bcc126f2eb25daef6f3e060458fb73d558f467703d32ba3981b4382eb708d0ef2a42b8d71a1dd5efedb979e0ff9b59620756f28,fr,,
6,asd@asd,,,asd@asd,4ee0270619c8cc429ecb090bf1e138a538c40beb0158ff2693b849f37592280826eaa1f885fd9afa160817e58906d9ca8f0acac4ab155b3125b96dcbefe8e91a,66c2687e55251da67a765564972357e71e98c9b25e24a5cb6a159bf30b141850b3223e9b06003ff50846ca01d0b33cb8508b013e44bd3b2dd4e855573b7de6db,,,
7,omar@yahoo.com,,,omar@yahoo.com,ba6c1992130585f02e827d98092d60c3e6903802860c30ddac7062f9be0f7ff7848c0fb33972ce69412f8f6f7203e702a0757bad7dd4cbdc8e072b471166296d,8879ccf7c1530e60cca62c1215455bcd7884f6e71ed7664f4599c91e522f16575fbd29101e3bde6babbc6e56430fc912efc89892ada77f43c93e1f30bd1bda05,,,
8,ahmad1@gmail.com,,,ahmad1@gmail.com,939f1b7275fa91bc9dd8449f32656c46ae921c67b377eb913480f31fe74366289934339ebf28d5ec97eaa758359a9e63bdb7e4002be7471d816bcb53f73e90cf,b5e3494250018d70622ee0fec7fa22cc4bd6c64727074953dd9b423de739ed9455ac6cd84d2eeff766ee682fbf081588bcefc6f3c02864a32a53420e03035e14,,,
9,ahmad2@gmail.com,,,ahmad2@gmail.com,36338906f861dc9fb5de6be3c8b8f120270de3c0c017a3c7e16b2fee6d29b0b2c1ac8e0fa45d7d3e6ba1d3ec2eb5e3b922807f6ee9bece17600c10f3c5961362,e5fd5b5148fba70e2fbec94f81f3275155759f707d2248b07a68bafa614150fb58bce40eecdfd025f47bf4a1cc30c68939313a34059775b3da504fec1c207cd1,,,
